idna_subject,checker_type,destination,source,tested_at,session_id
plus,AVAILABILITY,origin.list,origin.list,2022-03-24 05:08:15.206684,f5bab6cca2c7edaec9e02d15
pl,AVAILABILITY,origin.list,origin.list,2022-03-24 05:08:18.166578,f5bab6cca2c7edaec9e02d15
||ankieta-online.pl/q/*/*/invitation.html$domain=lab.ankieta-online.pl,AVAILABILITY,origin.list,origin.list,2022-03-24 05:08:18.184159,f5bab6cca2c7edaec9e02d15
onet.pl,AVAILABILITY,origin.list,origin.list,2022-03-24 05:08:19.693455,f5bab6cca2c7edaec9e02d15
"24tp.pl,lca.pl,112tychy.pl,30minut.pl,twoje-podhale.pl,upflix.pl,grylogiczne.biz.pl,grydladziewczyn.net.pl,moja-ostroleka.pl,bielsko.info,polonia.nl,dukania.pl,dkl24.pl,czecho.pl,tygodnikpodhalanski.pl,tv.gniezno.pl,torun.twoje-miasto.pl",AVAILABILITY,origin.list,origin.list,2022-03-24 05:08:19.710615,f5bab6cca2c7edaec9e02d15
"pl,~m.olx.pl",AVAILABILITY,origin.list,origin.list,2022-03-24 05:08:20.534935,f5bab6cca2c7edaec9e02d15
iitvx.pl,AVAILABILITY,origin.list,origin.list,2022-03-24 05:08:22.199242,f5bab6cca2c7edaec9e02d15
24jgora.pl,AVAILABILITY,origin.list,origin.list,2022-03-24 05:08:25.824055,f5bab6cca2c7edaec9e02d15
24kurier.pl,AVAILABILITY,origin.list,origin.list,2022-03-24 05:08:30.056904,f5bab6cca2c7edaec9e02d15
24gliwice.pl,AVAILABILITY,origin.list,origin.list,2022-03-24 05:08:30.240333,f5bab6cca2c7edaec9e02d15
123budujemy.pl,AVAILABILITY,origin.list,origin.list,2022-03-24 05:08:32.328457,f5bab6cca2c7edaec9e02d15
24starogard.pl,AVAILABILITY,origin.list,origin.list,2022-03-24 05:08:35.809513,f5bab6cca2c7edaec9e02d15
24opole.pl,AVAILABILITY,origin.list,origin.list,2022-03-24 05:08:36.543046,f5bab6cca2c7edaec9e02d15
24wroclaw.pl,AVAILABILITY,origin.list,origin.list,2022-03-24 05:08:38.137775,f5bab6cca2c7edaec9e02d15
24wspolnota.pl,AVAILABILITY,origin.list,origin.list,2022-03-24 05:08:38.399179,f5bab6cca2c7edaec9e02d15
2x45.info,AVAILABILITY,origin.list,origin.list,2022-03-24 05:08:39.868463,f5bab6cca2c7edaec9e02d15
3trzy3.pl,AVAILABILITY,origin.list,origin.list,2022-03-24 05:08:41.802011,f5bab6cca2c7edaec9e02d15
300polityka.pl,AVAILABILITY,origin.list,origin.list,2022-03-24 05:08:41.807156,f5bab6cca2c7edaec9e02d15
2bstyle.pl,AVAILABILITY,origin.list,origin.list,2022-03-24 05:08:42.510770,f5bab6cca2c7edaec9e02d15
30minut.pl,AVAILABILITY,origin.list,origin.list,2022-03-24 05:08:44.122849,f5bab6cca2c7edaec9e02d15
4fun.tv,AVAILABILITY,origin.list,origin.list,2022-03-24 05:08:44.959330,f5bab6cca2c7edaec9e02d15
40ton.net,AVAILABILITY,origin.list,origin.list,2022-03-24 05:08:46.572985,f5bab6cca2c7edaec9e02d15
4clubbers.com.pl,AVAILABILITY,origin.list,origin.list,2022-03-24 05:08:46.597386,f5bab6cca2c7edaec9e02d15
4hifi.pl,AVAILABILITY,origin.list,origin.list,2022-03-24 05:08:47.954379,f5bab6cca2c7edaec9e02d15
3dwpraktyce.pl,AVAILABILITY,origin.list,origin.list,2022-03-24 05:08:48.207819,f5bab6cca2c7edaec9e02d15
4kom.pl,AVAILABILITY,origin.list,origin.list,2022-03-24 05:08:50.696668,f5bab6cca2c7edaec9e02d15
4programmers.net,AVAILABILITY,origin.list,origin.list,2022-03-24 05:08:50.983493,f5bab6cca2c7edaec9e02d15
4lomza.pl,AVAILABILITY,origin.list,origin.list,2022-03-24 05:08:51.343512,f5bab6cca2c7edaec9e02d15
6obcy.com.pl,AVAILABILITY,origin.list,origin.list,2022-03-24 05:08:51.882761,f5bab6cca2c7edaec9e02d15
accuweather.com,AVAILABILITY,origin.list,origin.list,2022-03-24 05:08:53.746499,f5bab6cca2c7edaec9e02d15
90minut.pl,AVAILABILITY,origin.list,origin.list,2022-03-24 05:08:54.318364,f5bab6cca2c7edaec9e02d15
7dnikalisza.com,AVAILABILITY,origin.list,origin.list,2022-03-24 05:08:54.348038,f5bab6cca2c7edaec9e02d15
7dni.pila.pl,AVAILABILITY,origin.list,origin.list,2022-03-24 05:08:54.462998,f5bab6cca2c7edaec9e02d15
adrestymczasowy.pl,AVAILABILITY,origin.list,origin.list,2022-03-24 05:08:56.190735,f5bab6cca2c7edaec9e02d15
adwokat-gostkowski.pl,AVAILABILITY,origin.list,origin.list,2022-03-24 05:08:56.329509,f5bab6cca2c7edaec9e02d15
adonai.pl,AVAILABILITY,origin.list,origin.list,2022-03-24 05:08:57.614046,f5bab6cca2c7edaec9e02d15
afiliacje.pl,AVAILABILITY,origin.list,origin.list,2022-03-24 05:08:58.461844,f5bab6cca2c7edaec9e02d15
afizyka.pl,AVAILABILITY,origin.list,origin.list,2022-03-24 05:08:58.511787,f5bab6cca2c7edaec9e02d15
agrofoto.pl,AVAILABILITY,origin.list,origin.list,2022-03-24 05:08:59.012878,f5bab6cca2c7edaec9e02d15
administrator24.info,AVAILABILITY,origin.list,origin.list,2022-03-24 05:08:59.402347,f5bab6cca2c7edaec9e02d15
agronews.com.pl,AVAILABILITY,origin.list,origin.list,2022-03-24 05:09:02.434911,f5bab6cca2c7edaec9e02d15
agropolska.pl,AVAILABILITY,origin.list,origin.list,2022-03-24 05:09:02.537834,f5bab6cca2c7edaec9e02d15
agrokapital.pl,AVAILABILITY,origin.list,origin.list,2022-03-24 05:09:02.821590,f5bab6cca2c7edaec9e02d15
akwarystyczne.info,AVAILABILITY,origin.list,origin.list,2022-03-24 05:09:04.775293,f5bab6cca2c7edaec9e02d15
all-hotels.pl,AVAILABILITY,origin.list,origin.list,2022-03-24 05:09:05.975602,f5bab6cca2c7edaec9e02d15
alemeksyk.eu,AVAILABILITY,origin.list,origin.list,2022-03-24 05:09:06.656405,f5bab6cca2c7edaec9e02d15
alilove.pl,AVAILABILITY,origin.list,origin.list,2022-03-24 05:09:06.748883,f5bab6cca2c7edaec9e02d15
allaboutmusic.pl,AVAILABILITY,origin.list,origin.list,2022-03-24 05:09:09.506656,f5bab6cca2c7edaec9e02d15
allebiznes.pl,AVAILABILITY,origin.list,origin.list,2022-03-24 05:09:09.839099,f5bab6cca2c7edaec9e02d15
allegro.pl,AVAILABILITY,origin.list,origin.list,2022-03-24 05:09:11.671170,f5bab6cca2c7edaec9e02d15
allans.pl,AVAILABILITY,origin.list,origin.list,2022-03-24 05:09:11.772670,f5bab6cca2c7edaec9e02d15
alltiedup.pl,AVAILABILITY,origin.list,origin.list,2022-03-24 05:09:13.809460,f5bab6cca2c7edaec9e02d15
altair.com.pl,AVAILABILITY,origin.list,origin.list,2022-03-24 05:09:15.074557,f5bab6cca2c7edaec9e02d15
akcjasos.pl,AVAILABILITY,origin.list,origin.list,2022-03-24 05:09:15.431424,f5bab6cca2c7edaec9e02d15
android.com.pl,AVAILABILITY,origin.list,origin.list,2022-03-24 05:09:18.334487,f5bab6cca2c7edaec9e02d15
ampolska.net,AVAILABILITY,origin.list,origin.list,2022-03-24 05:09:18.537378,f5bab6cca2c7edaec9e02d15
androidpolska.pl,AVAILABILITY,origin.list,origin.list,2022-03-24 05:09:21.144208,f5bab6cca2c7edaec9e02d15
anglia.today,AVAILABILITY,origin.list,origin.list,2022-03-24 05:09:22.763976,f5bab6cca2c7edaec9e02d15
anime-centrum.pl,AVAILABILITY,origin.list,origin.list,2022-03-24 05:09:23.418014,f5bab6cca2c7edaec9e02d15
anglia4u.pl,AVAILABILITY,origin.list,origin.list,2022-03-24 05:09:25.451288,f5bab6cca2c7edaec9e02d15
animes.pl,AVAILABILITY,origin.list,origin.list,2022-03-24 05:09:27.570356,f5bab6cca2c7edaec9e02d15
animowany.pl,AVAILABILITY,origin.list,origin.list,2022-03-24 05:09:29.039311,f5bab6cca2c7edaec9e02d15
antistorm.eu,AVAILABILITY,origin.list,origin.list,2022-03-24 05:09:30.127803,f5bab6cca2c7edaec9e02d15
alawar.pl,AVAILABILITY,origin.list,origin.list,2022-03-24 05:09:30.150593,f5bab6cca2c7edaec9e02d15
aniamaluje.com,AVAILABILITY,origin.list,origin.list,2022-03-24 05:09:30.255071,f5bab6cca2c7edaec9e02d15
antykwariatgelber.pl,AVAILABILITY,origin.list,origin.list,2022-03-24 05:09:32.464284,f5bab6cca2c7edaec9e02d15
anywhere.pl,AVAILABILITY,origin.list,origin.list,2022-03-24 05:09:33.304039,f5bab6cca2c7edaec9e02d15
antyweb.pl,AVAILABILITY,origin.list,origin.list,2022-03-24 05:09:34.834445,f5bab6cca2c7edaec9e02d15
aptekarski.com,AVAILABILITY,origin.list,origin.list,2022-03-24 05:09:35.675443,f5bab6cca2c7edaec9e02d15
apynews.pl,AVAILABILITY,origin.list,origin.list,2022-03-24 05:09:35.676766,f5bab6cca2c7edaec9e02d15
archiwum.wiesci.com.pl,AVAILABILITY,origin.list,origin.list,2022-03-24 05:09:35.944135,f5bab6cca2c7edaec9e02d15
arenadesign.pl,AVAILABILITY,origin.list,origin.list,2022-03-24 05:09:36.325739,f5bab6cca2c7edaec9e02d15
arka.tv,AVAILABILITY,origin.list,origin.list,2022-03-24 05:09:39.081749,f5bab6cca2c7edaec9e02d15
astar.czest.pl,AVAILABILITY,origin.list,origin.list,2022-03-24 05:09:39.804381,f5bab6cca2c7edaec9e02d15
astratex.pl,AVAILABILITY,origin.list,origin.list,2022-03-24 05:09:40.736171,f5bab6cca2c7edaec9e02d15
asta24.pl,AVAILABILITY,origin.list,origin.list,2022-03-24 05:09:40.780695,f5bab6cca2c7edaec9e02d15
astronomia24.com,AVAILABILITY,origin.list,origin.list,2022-03-24 05:09:41.874032,f5bab6cca2c7edaec9e02d15
astropolis.pl,AVAILABILITY,origin.list,origin.list,2022-03-24 05:09:42.818450,f5bab6cca2c7edaec9e02d15
audiklub.org,AVAILABILITY,origin.list,origin.list,2022-03-24 05:09:44.887135,f5bab6cca2c7edaec9e02d15
atssi.pl,AVAILABILITY,origin.list,origin.list,2022-03-24 05:09:45.542781,f5bab6cca2c7edaec9e02d15
autoexpert.pl,AVAILABILITY,origin.list,origin.list,2022-03-24 05:09:45.618679,f5bab6cca2c7edaec9e02d15
audiostereo.pl,AVAILABILITY,origin.list,origin.list,2022-03-24 05:09:50.800376,f5bab6cca2c7edaec9e02d15
audycje.tokfm.pl,AVAILABILITY,origin.list,origin.list,2022-03-24 05:09:51.005495,f5bab6cca2c7edaec9e02d15
augustow24.pl,AVAILABILITY,origin.list,origin.list,2022-03-24 05:09:53.176735,f5bab6cca2c7edaec9e02d15
augustyna.pl,AVAILABILITY,origin.list,origin.list,2022-03-24 05:09:54.441374,f5bab6cca2c7edaec9e02d15
autentyki.pl,AVAILABILITY,origin.list,origin.list,2022-03-24 05:09:55.554604,f5bab6cca2c7edaec9e02d15
augustowskireporter.pl,AVAILABILITY,origin.list,origin.list,2022-03-24 05:09:55.575090,f5bab6cca2c7edaec9e02d15
auto-swiat.pl,AVAILABILITY,origin.list,origin.list,2022-03-24 05:09:56.031910,f5bab6cca2c7edaec9e02d15
auto.pl,AVAILABILITY,origin.list,origin.list,2022-03-24 05:09:56.919372,f5bab6cca2c7edaec9e02d15
autodoradca.pl,AVAILABILITY,origin.list,origin.list,2022-03-24 05:09:57.694396,f5bab6cca2c7edaec9e02d15
autocentrum.pl,AVAILABILITY,origin.list,origin.list,2022-03-24 05:09:59.127911,f5bab6cca2c7edaec9e02d15
autoklub.pl,AVAILABILITY,origin.list,origin.list,2022-03-24 05:09:59.469133,f5bab6cca2c7edaec9e02d15
autokult.pl,AVAILABILITY,origin.list,origin.list,2022-03-24 05:10:00.387774,f5bab6cca2c7edaec9e02d15
autoline.com.pl,AVAILABILITY,origin.list,origin.list,2022-03-24 05:10:01.685020,f5bab6cca2c7edaec9e02d15
automobilista.com.pl,AVAILABILITY,origin.list,origin.list,2022-03-24 05:10:03.756438,f5bab6cca2c7edaec9e02d15
autotrader.pl,AVAILABILITY,origin.list,origin.list,2022-03-24 05:10:03.844808,f5bab6cca2c7edaec9e02d15
b1.pl,AVAILABILITY,origin.list,origin.list,2022-03-24 05:10:04.103452,f5bab6cca2c7edaec9e02d15
automatyka.pl,AVAILABILITY,origin.list,origin.list,2022-03-24 05:10:04.930290,f5bab6cca2c7edaec9e02d15
badaniaprenatalne.pl,AVAILABILITY,origin.list,origin.list,2022-03-24 05:10:10.257462,f5bab6cca2c7edaec9e02d15
b24tv.pl,AVAILABILITY,origin.list,origin.list,2022-03-24 05:10:10.282623,f5bab6cca2c7edaec9e02d15
bajkidladzieci.co.pl,AVAILABILITY,origin.list,origin.list,2022-03-24 05:10:11.303115,f5bab6cca2c7edaec9e02d15
bankier.pl,AVAILABILITY,origin.list,origin.list,2022-03-24 05:10:15.142027,f5bab6cca2c7edaec9e02d15
bankobranie.blogspot.com,AVAILABILITY,origin.list,origin.list,2022-03-24 05:10:16.904170,f5bab6cca2c7edaec9e02d15
baltic.info.pl,AVAILABILITY,origin.list,origin.list,2022-03-24 05:10:19.029955,f5bab6cca2c7edaec9e02d15
barciany.pl,AVAILABILITY,origin.list,origin.list,2022-03-24 05:10:19.849749,f5bab6cca2c7edaec9e02d15
bartoszyce24.pl,AVAILABILITY,origin.list,origin.list,2022-03-24 05:10:22.913417,f5bab6cca2c7edaec9e02d15
baxu.pl,AVAILABILITY,origin.list,origin.list,2022-03-24 05:10:23.770140,f5bab6cca2c7edaec9e02d15
barlinek24.pl,AVAILABILITY,origin.list,origin.list,2022-03-24 05:10:23.861028,f5bab6cca2c7edaec9e02d15
bazarynek.pl,AVAILABILITY,origin.list,origin.list,2022-03-24 05:10:25.878612,f5bab6cca2c7edaec9e02d15
beel.pl,AVAILABILITY,origin.list,origin.list,2022-03-24 05:10:27.109376,f5bab6cca2c7edaec9e02d15
bebzol.com,AVAILABILITY,origin.list,origin.list,2022-03-24 05:10:27.491217,f5bab6cca2c7edaec9e02d15
bejsment.com,AVAILABILITY,origin.list,origin.list,2022-03-24 05:10:27.566669,f5bab6cca2c7edaec9e02d15
begio.pl,AVAILABILITY,origin.list,origin.list,2022-03-24 05:10:28.221649,f5bab6cca2c7edaec9e02d15
beskidy.news,AVAILABILITY,origin.list,origin.list,2022-03-24 05:10:32.004639,f5bab6cca2c7edaec9e02d15
benchmark.pl,AVAILABILITY,origin.list,origin.list,2022-03-24 05:10:32.628871,f5bab6cca2c7edaec9e02d15
beskidlive.pl,AVAILABILITY,origin.list,origin.list,2022-03-24 05:10:34.739810,f5bab6cca2c7edaec9e02d15
bestgun.pl,AVAILABILITY,origin.list,origin.list,2022-03-24 05:10:36.217721,f5bab6cca2c7edaec9e02d15
beskidzka24.pl,AVAILABILITY,origin.list,origin.list,2022-03-24 05:10:38.202352,f5bab6cca2c7edaec9e02d15
besty.pl,AVAILABILITY,origin.list,origin.list,2022-03-24 05:10:39.301253,f5bab6cca2c7edaec9e02d15
betblog.pl,AVAILABILITY,origin.list,origin.list,2022-03-24 05:10:40.216573,f5bab6cca2c7edaec9e02d15
betonline.net.pl,AVAILABILITY,origin.list,origin.list,2022-03-24 05:10:41.060434,f5bab6cca2c7edaec9e02d15
bezpluga.pl,AVAILABILITY,origin.list,origin.list,2022-03-24 05:10:43.057172,f5bab6cca2c7edaec9e02d15
bezpiecznyrynekpracy.pl,AVAILABILITY,origin.list,origin.list,2022-03-24 05:10:43.735251,f5bab6cca2c7edaec9e02d15
bezprawnik.pl,AVAILABILITY,origin.list,origin.list,2022-03-24 05:10:46.681722,f5bab6cca2c7edaec9e02d15
bezuzyteczna.pl,AVAILABILITY,origin.list,origin.list,2022-03-24 05:10:47.483098,f5bab6cca2c7edaec9e02d15
bham.pl,AVAILABILITY,origin.list,origin.list,2022-03-24 05:10:51.198238,f5bab6cca2c7edaec9e02d15
bialystok.com.pl,AVAILABILITY,origin.list,origin.list,2022-03-24 05:10:58.648984,f5bab6cca2c7edaec9e02d15
bieganieuskrzydla.pl,AVAILABILITY,origin.list,origin.list,2022-03-24 05:10:58.927822,f5bab6cca2c7edaec9e02d15
biedronka.pl,AVAILABILITY,origin.list,origin.list,2022-03-24 05:10:59.504725,f5bab6cca2c7edaec9e02d15
bieganie.pl,AVAILABILITY,origin.list,origin.list,2022-03-24 05:11:00.298744,f5bab6cca2c7edaec9e02d15
bielskirynek.pl,AVAILABILITY,origin.list,origin.list,2022-03-24 05:11:03.476639,f5bab6cca2c7edaec9e02d15
bielskiedrogi.pl,AVAILABILITY,origin.list,origin.list,2022-03-24 05:11:05.897913,f5bab6cca2c7edaec9e02d15
bielsko.biala.pl,AVAILABILITY,origin.list,origin.list,2022-03-24 05:11:07.509374,f5bab6cca2c7edaec9e02d15
bia24.pl,AVAILABILITY,origin.list,origin.list,2022-03-24 05:11:08.846172,f5bab6cca2c7edaec9e02d15
bielsko.info,AVAILABILITY,origin.list,origin.list,2022-03-24 05:11:10.598596,f5bab6cca2c7edaec9e02d15
bigchina.pl,AVAILABILITY,origin.list,origin.list,2022-03-24 05:11:11.884109,f5bab6cca2c7edaec9e02d15
bilgorajska.pl,AVAILABILITY,origin.list,origin.list,2022-03-24 05:11:12.594948,f5bab6cca2c7edaec9e02d15
buliba.pl,AVAILABILITY,origin.list,origin.list,2022-03-24 05:11:14.560467,f5bab6cca2c7edaec9e02d15
binary24.pl,AVAILABILITY,origin.list,origin.list,2022-03-24 05:11:15.374239,f5bab6cca2c7edaec9e02d15
bitcoin-info.pl,AVAILABILITY,origin.list,origin.list,2022-03-24 05:11:15.465489,f5bab6cca2c7edaec9e02d15
biomedical.pl,AVAILABILITY,origin.list,origin.list,2022-03-24 05:11:16.560581,f5bab6cca2c7edaec9e02d15
biotechnologia.pl,AVAILABILITY,origin.list,origin.list,2022-03-24 05:11:16.675705,f5bab6cca2c7edaec9e02d15
bitcoin-online.pl,AVAILABILITY,origin.list,origin.list,2022-03-24 05:11:20.018710,f5bab6cca2c7edaec9e02d15
biznes-firma.pl,AVAILABILITY,origin.list,origin.list,2022-03-24 05:11:23.736960,f5bab6cca2c7edaec9e02d15
bithub.pl,AVAILABILITY,origin.list,origin.list,2022-03-24 05:11:29.216984,f5bab6cca2c7edaec9e02d15
biznes.pl,AVAILABILITY,origin.list,origin.list,2022-03-24 05:11:29.804032,f5bab6cca2c7edaec9e02d15
biznesalert.pl,AVAILABILITY,origin.list,origin.list,2022-03-24 05:11:33.773128,f5bab6cca2c7edaec9e02d15
biznesforum.pl,AVAILABILITY,origin.list,origin.list,2022-03-24 05:11:33.899641,f5bab6cca2c7edaec9e02d15
"biztok.pl,teleshow.wp.pl,gwiazdy.wp.pl,moto.wp.pl,wiadomosci.wp.pl,money.pl,turystyka.wp.pl,finanse.wp.pl,www.wp.pl",AVAILABILITY,origin.list,origin.list,2022-03-24 05:11:36.918232,f5bab6cca2c7edaec9e02d15
bizneston.pl,AVAILABILITY,origin.list,origin.list,2022-03-24 05:11:37.216001,f5bab6cca2c7edaec9e02d15
biznestuba.pl,AVAILABILITY,origin.list,origin.list,2022-03-24 05:11:38.503152,f5bab6cca2c7edaec9e02d15
blado.pl,AVAILABILITY,origin.list,origin.list,2022-03-24 05:11:38.809612,f5bab6cca2c7edaec9e02d15
biznes2biznes.com,AVAILABILITY,origin.list,origin.list,2022-03-24 05:11:40.025021,f5bab6cca2c7edaec9e02d15
blaugrana.pl,AVAILABILITY,origin.list,origin.list,2022-03-24 05:11:43.031040,f5bab6cca2c7edaec9e02d15
blog.pluralsight.com,AVAILABILITY,origin.list,origin.list,2022-03-24 05:11:43.572819,f5bab6cca2c7edaec9e02d15
blog.nowebrzmienia.pl,AVAILABILITY,origin.list,origin.list,2022-03-24 05:11:45.152750,f5bab6cca2c7edaec9e02d15
blasty.pl,AVAILABILITY,origin.list,origin.list,2022-03-24 05:11:46.741237,f5bab6cca2c7edaec9e02d15
blogbukmacherski.pl,AVAILABILITY,origin.list,origin.list,2022-03-24 05:11:48.411943,f5bab6cca2c7edaec9e02d15
bmw-klub.pl,AVAILABILITY,origin.list,origin.list,2022-03-24 05:11:53.489753,f5bab6cca2c7edaec9e02d15
bp24.pl,AVAILABILITY,origin.list,origin.list,2022-03-24 05:12:00.033936,f5bab6cca2c7edaec9e02d15
blogomaniak.pl,AVAILABILITY,origin.list,origin.list,2022-03-24 05:12:00.317037,f5bab6cca2c7edaec9e02d15
bloog.pl,AVAILABILITY,origin.list,origin.list,2022-03-24 05:12:00.908247,f5bab6cca2c7edaec9e02d15
bochnianin.pl,AVAILABILITY,origin.list,origin.list,2022-03-24 05:12:04.330794,f5bab6cca2c7edaec9e02d15
bobasmiesiaca.pl,AVAILABILITY,origin.list,origin.list,2022-03-24 05:12:05.204803,f5bab6cca2c7edaec9e02d15
boardtime.pl,AVAILABILITY,origin.list,origin.list,2022-03-24 05:12:07.880539,f5bab6cca2c7edaec9e02d15
bochniazbliska.pl,AVAILABILITY,origin.list,origin.list,2022-03-24 05:12:08.027919,f5bab6cca2c7edaec9e02d15
bogucin.net,AVAILABILITY,origin.list,origin.list,2022-03-24 05:12:11.180440,f5bab6cca2c7edaec9e02d15
bobrzanie.pl,AVAILABILITY,origin.list,origin.list,2022-03-24 05:12:11.942442,f5bab6cca2c7edaec9e02d15
bokser.org,AVAILABILITY,origin.list,origin.list,2022-03-24 05:12:13.780077,f5bab6cca2c7edaec9e02d15
bonavita.pl,AVAILABILITY,origin.list,origin.list,2022-03-24 05:12:19.909343,f5bab6cca2c7edaec9e02d15
booklips.pl,AVAILABILITY,origin.list,origin.list,2022-03-24 05:12:20.190969,f5bab6cca2c7edaec9e02d15
boxing.pl,AVAILABILITY,origin.list,origin.list,2022-03-24 05:12:20.427871,f5bab6cca2c7edaec9e02d15
booksclub.pl,AVAILABILITY,origin.list,origin.list,2022-03-24 05:12:22.217347,f5bab6cca2c7edaec9e02d15
braclowiecka.pl,AVAILABILITY,origin.list,origin.list,2022-03-24 05:12:28.836701,f5bab6cca2c7edaec9e02d15
brainly.pl,AVAILABILITY,origin.list,origin.list,2022-03-24 05:12:28.911757,f5bab6cca2c7edaec9e02d15
brodnica.net,AVAILABILITY,origin.list,origin.list,2022-03-24 05:12:34.879010,f5bab6cca2c7edaec9e02d15
bslomazy.pl,AVAILABILITY,origin.list,origin.list,2022-03-24 05:12:36.069561,f5bab6cca2c7edaec9e02d15
bukmacherstwo.info,AVAILABILITY,origin.list,origin.list,2022-03-24 05:12:36.696419,f5bab6cca2c7edaec9e02d15
budmatauto.pl,AVAILABILITY,origin.list,origin.list,2022-03-24 05:12:39.711614,f5bab6cca2c7edaec9e02d15
budownictwo.org,AVAILABILITY,origin.list,origin.list,2022-03-24 05:12:43.833952,f5bab6cca2c7edaec9e02d15
budowlane.targibialystok.com,AVAILABILITY,origin.list,origin.list,2022-03-24 05:12:44.194310,f5bab6cca2c7edaec9e02d15
budnet.pl,AVAILABILITY,origin.list,origin.list,2022-03-24 05:12:44.463883,f5bab6cca2c7edaec9e02d15
bukowskilider.pl,AVAILABILITY,origin.list,origin.list,2022-03-24 05:12:49.426721,f5bab6cca2c7edaec9e02d15
busko.com.pl,AVAILABILITY,origin.list,origin.list,2022-03-24 05:12:50.744149,f5bab6cca2c7edaec9e02d15
businessinsider.com.pl,AVAILABILITY,origin.list,origin.list,2022-03-24 05:12:52.294078,f5bab6cca2c7edaec9e02d15
businessjournal.pl,AVAILABILITY,origin.list,origin.list,2022-03-24 05:12:58.694433,f5bab6cca2c7edaec9e02d15
businesswomanlife.pl,AVAILABILITY,origin.list,origin.list,2022-03-24 05:13:01.215874,f5bab6cca2c7edaec9e02d15
busradar.pl,AVAILABILITY,origin.list,origin.list,2022-03-24 05:13:01.864973,f5bab6cca2c7edaec9e02d15
busy-krk.pl,AVAILABILITY,origin.list,origin.list,2022-03-24 05:13:06.193552,f5bab6cca2c7edaec9e02d15
bycjakmodelka.wp.pl,AVAILABILITY,origin.list,origin.list,2022-03-24 05:13:08.141946,f5bab6cca2c7edaec9e02d15
bydgoszczcity.pl,AVAILABILITY,origin.list,origin.list,2022-03-24 05:13:11.653261,f5bab6cca2c7edaec9e02d15
bytomski.pl,AVAILABILITY,origin.list,origin.list,2022-03-24 05:13:13.168371,f5bab6cca2c7edaec9e02d15
cadblog.pl,AVAILABILITY,origin.list,origin.list,2022-03-24 05:13:15.412040,f5bab6cca2c7edaec9e02d15
cafeanimal.pl,AVAILABILITY,origin.list,origin.list,2022-03-24 05:13:16.029363,f5bab6cca2c7edaec9e02d15
cafesenior.pl,AVAILABILITY,origin.list,origin.list,2022-03-24 05:13:18.470324,f5bab6cca2c7edaec9e02d15
calcoolator.pl,AVAILABILITY,origin.list,origin.list,2022-03-24 05:13:19.652152,f5bab6cca2c7edaec9e02d15
bzdura.pl,AVAILABILITY,origin.list,origin.list,2022-03-24 05:13:19.724746,f5bab6cca2c7edaec9e02d15
cannabisnews.pl,AVAILABILITY,origin.list,origin.list,2022-03-24 05:13:27.558655,f5bab6cca2c7edaec9e02d15
cardsplitter.pl,AVAILABILITY,origin.list,origin.list,2022-03-24 05:13:32.579113,f5bab6cca2c7edaec9e02d15
cartests.net,AVAILABILITY,origin.list,origin.list,2022-03-24 05:13:33.933370,f5bab6cca2c7edaec9e02d15
capuccino.eu,AVAILABILITY,origin.list,origin.list,2022-03-24 05:13:34.451956,f5bab6cca2c7edaec9e02d15
ccnews.pl,AVAILABILITY,origin.list,origin.list,2022-03-24 05:13:34.579380,f5bab6cca2c7edaec9e02d15
cdahd.co,AVAILABILITY,origin.list,origin.list,2022-03-24 05:13:40.869724,f5bab6cca2c7edaec9e02d15
cdaction.pl,AVAILABILITY,origin.list,origin.list,2022-03-24 05:13:40.924290,f5bab6cca2c7edaec9e02d15
cdtracker.co.pl,AVAILABILITY,origin.list,origin.list,2022-03-24 05:13:43.004248,f5bab6cca2c7edaec9e02d15
cda.pl,AVAILABILITY,origin.list,origin.list,2022-03-24 05:13:44.523149,f5bab6cca2c7edaec9e02d15
centrumwitalnosci.pl,AVAILABILITY,origin.list,origin.list,2022-03-24 05:13:48.547998,f5bab6cca2c7edaec9e02d15
centrumdruku3d.pl,AVAILABILITY,origin.list,origin.list,2022-03-24 05:13:50.059698,f5bab6cca2c7edaec9e02d15
centrumxp.pl,AVAILABILITY,origin.list,origin.list,2022-03-24 05:13:53.862370,f5bab6cca2c7edaec9e02d15
cgm.pl,AVAILABILITY,origin.list,origin.list,2022-03-24 05:13:56.943820,f5bab6cca2c7edaec9e02d15
chcemybycrodzicami.pl,AVAILABILITY,origin.list,origin.list,2022-03-24 05:13:59.117139,f5bab6cca2c7edaec9e02d15
chamskie.pl,AVAILABILITY,origin.list,origin.list,2022-03-24 05:13:59.887876,f5bab6cca2c7edaec9e02d15
chamsko.pl,AVAILABILITY,origin.list,origin.list,2022-03-24 05:14:04.177565,f5bab6cca2c7edaec9e02d15
czateria.interia.pl,AVAILABILITY,origin.list,origin.list,2022-03-24 05:14:08.835075,f5bab6cca2c7edaec9e02d15
chelmno.com.pl,AVAILABILITY,origin.list,origin.list,2022-03-24 05:14:09.315070,f5bab6cca2c7edaec9e02d15
charaktery.eu,AVAILABILITY,origin.list,origin.list,2022-03-24 05:14:09.496369,f5bab6cca2c7edaec9e02d15
chelmski.eu,AVAILABILITY,origin.list,origin.list,2022-03-24 05:14:09.990598,f5bab6cca2c7edaec9e02d15
chilitonka.com,AVAILABILITY,origin.list,origin.list,2022-03-24 05:14:11.651719,f5bab6cca2c7edaec9e02d15
chillitorun.pl,AVAILABILITY,origin.list,origin.list,2022-03-24 05:14:18.066248,f5bab6cca2c7edaec9e02d15
chip.pl,AVAILABILITY,origin.list,origin.list,2022-03-24 05:14:20.705464,f5bab6cca2c7edaec9e02d15
chnnews.pl,AVAILABILITY,origin.list,origin.list,2022-03-24 05:14:23.056637,f5bab6cca2c7edaec9e02d15
chojna24.pl,AVAILABILITY,origin.list,origin.list,2022-03-24 05:14:25.534429,f5bab6cca2c7edaec9e02d15
chojnice.com,AVAILABILITY,origin.list,origin.list,2022-03-24 05:14:29.182895,f5bab6cca2c7edaec9e02d15
chojnow.pl,AVAILABILITY,origin.list,origin.list,2022-03-24 05:14:30.323467,f5bab6cca2c7edaec9e02d15
chomikuj.pl,AVAILABILITY,origin.list,origin.list,2022-03-24 05:14:31.136330,f5bab6cca2c7edaec9e02d15
chorzowianin.pl,AVAILABILITY,origin.list,origin.list,2022-03-24 05:14:34.191647,f5bab6cca2c7edaec9e02d15
chozoba.pl,AVAILABILITY,origin.list,origin.list,2022-03-24 05:14:36.059519,f5bab6cca2c7edaec9e02d15
chorzow.tv,AVAILABILITY,origin.list,origin.list,2022-03-24 05:14:36.638467,f5bab6cca2c7edaec9e02d15
chroma.pl,AVAILABILITY,origin.list,origin.list,2022-03-24 05:14:38.364288,f5bab6cca2c7edaec9e02d15
chrzanowski24.pl,AVAILABILITY,origin.list,origin.list,2022-03-24 05:14:40.633729,f5bab6cca2c7edaec9e02d15
ciapkowo.pl,AVAILABILITY,origin.list,origin.list,2022-03-24 05:14:43.249620,f5bab6cca2c7edaec9e02d15
ciechanowinaczej.pl,AVAILABILITY,origin.list,origin.list,2022-03-24 05:14:44.340176,f5bab6cca2c7edaec9e02d15
chwilowo.pl,AVAILABILITY,origin.list,origin.list,2022-03-24 05:14:45.128999,f5bab6cca2c7edaec9e02d15
ciekawostkihistoryczne.pl,AVAILABILITY,origin.list,origin.list,2022-03-24 05:14:51.446663,f5bab6cca2c7edaec9e02d15
cieplowent.pl,AVAILABILITY,origin.list,origin.list,2022-03-24 05:14:53.211612,f5bab6cca2c7edaec9e02d15
cinema-city.pl,AVAILABILITY,origin.list,origin.list,2022-03-24 05:14:57.718049,f5bab6cca2c7edaec9e02d15
citymedia.waw.pl,AVAILABILITY,origin.list,origin.list,2022-03-24 05:14:59.706558,f5bab6cca2c7edaec9e02d15
cksport.pl,AVAILABILITY,origin.list,origin.list,2022-03-24 05:15:04.986236,f5bab6cca2c7edaec9e02d15
cnc.info.pl,AVAILABILITY,origin.list,origin.list,2022-03-24 05:15:07.534078,f5bab6cca2c7edaec9e02d15
cmg24.pl,AVAILABILITY,origin.list,origin.list,2022-03-24 05:15:09.908314,f5bab6cca2c7edaec9e02d15
codziennikmlawski.pl,AVAILABILITY,origin.list,origin.list,2022-03-24 05:15:13.925529,f5bab6cca2c7edaec9e02d15
comtv.pl,AVAILABILITY,origin.list,origin.list,2022-03-24 05:15:15.729536,f5bab6cca2c7edaec9e02d15
comprix.pl,AVAILABILITY,origin.list,origin.list,2022-03-24 05:15:16.954725,f5bab6cca2c7edaec9e02d15
computerworld.pl,AVAILABILITY,origin.list,origin.list,2022-03-24 05:15:16.972219,f5bab6cca2c7edaec9e02d15
comperia.pl,AVAILABILITY,origin.list,origin.list,2022-03-24 05:15:19.243105,f5bab6cca2c7edaec9e02d15
cooltura24.co.uk,AVAILABILITY,origin.list,origin.list,2022-03-24 05:15:21.663345,f5bab6cca2c7edaec9e02d15
cowkrakowie.pl,AVAILABILITY,origin.list,origin.list,2022-03-24 05:15:24.434209,f5bab6cca2c7edaec9e02d15
cowwilanowie.pl,AVAILABILITY,origin.list,origin.list,2022-03-24 05:15:25.579659,f5bab6cca2c7edaec9e02d15
cozadzien.pl,AVAILABILITY,origin.list,origin.list,2022-03-24 05:15:26.225485,f5bab6cca2c7edaec9e02d15
cpb.pl,AVAILABILITY,origin.list,origin.list,2022-03-24 05:15:28.533859,f5bab6cca2c7edaec9e02d15
crafted.pl,AVAILABILITY,origin.list,origin.list,2022-03-24 05:15:31.985870,f5bab6cca2c7edaec9e02d15
craftportal.pl,AVAILABILITY,origin.list,origin.list,2022-03-24 05:15:34.110290,f5bab6cca2c7edaec9e02d15
crewing.portalmorski.pl,AVAILABILITY,origin.list,origin.list,2022-03-24 05:15:40.257373,f5bab6cca2c7edaec9e02d15
craftlista.pl,AVAILABILITY,origin.list,origin.list,2022-03-24 05:15:41.617021,f5bab6cca2c7edaec9e02d15
crazynauka.pl,AVAILABILITY,origin.list,origin.list,2022-03-24 05:15:42.094132,f5bab6cca2c7edaec9e02d15
cro.pl,AVAILABILITY,origin.list,origin.list,2022-03-24 05:15:45.473677,f5bab6cca2c7edaec9e02d15
crystal-launcher.pl,AVAILABILITY,origin.list,origin.list,2022-03-24 05:15:49.562460,f5bab6cca2c7edaec9e02d15
cs-4frags.pl,AVAILABILITY,origin.list,origin.list,2022-03-24 05:15:51.023823,f5bab6cca2c7edaec9e02d15
cryptonews.pl,AVAILABILITY,origin.list,origin.list,2022-03-24 05:15:51.168223,f5bab6cca2c7edaec9e02d15
cryptoprofit.pl,AVAILABILITY,origin.list,origin.list,2022-03-24 05:15:52.856550,f5bab6cca2c7edaec9e02d15
cs-porobieni.pl,AVAILABILITY,origin.list,origin.list,2022-03-24 05:15:57.915733,f5bab6cca2c7edaec9e02d15
cs-nabani.pl,AVAILABILITY,origin.list,origin.list,2022-03-24 05:15:58.206568,f5bab6cca2c7edaec9e02d15
cs-soplica.com,AVAILABILITY,origin.list,origin.list,2022-03-24 05:15:58.940926,f5bab6cca2c7edaec9e02d15
csone.eu,AVAILABILITY,origin.list,origin.list,2022-03-24 05:16:02.741709,f5bab6cca2c7edaec9e02d15
cssetti.pl,AVAILABILITY,origin.list,origin.list,2022-03-24 05:16:04.629734,f5bab6cca2c7edaec9e02d15
csopole.eu,AVAILABILITY,origin.list,origin.list,2022-03-24 05:16:08.497473,f5bab6cca2c7edaec9e02d15
cyber-sport.us,AVAILABILITY,origin.list,origin.list,2022-03-24 05:16:08.556107,f5bab6cca2c7edaec9e02d15
cyberdefence24.pl,AVAILABILITY,origin.list,origin.list,2022-03-24 05:16:10.711840,f5bab6cca2c7edaec9e02d15
cyfrowaekonomia.pl,AVAILABILITY,origin.list,origin.list,2022-03-24 05:16:11.557014,f5bab6cca2c7edaec9e02d15
cyfrowypolsatnews.pl,AVAILABILITY,origin.list,origin.list,2022-03-24 05:16:21.878272,f5bab6cca2c7edaec9e02d15
cypr24.eu,AVAILABILITY,origin.list,origin.list,2022-03-24 05:16:26.492440,f5bab6cca2c7edaec9e02d15
czaskultury.pl,AVAILABILITY,origin.list,origin.list,2022-03-24 05:16:26.548941,f5bab6cca2c7edaec9e02d15
czasdzieci.pl,AVAILABILITY,origin.list,origin.list,2022-03-24 05:16:29.233381,f5bab6cca2c7edaec9e02d15
czajna.pl,AVAILABILITY,origin.list,origin.list,2022-03-24 05:16:30.311927,f5bab6cca2c7edaec9e02d15
czasciechanowa.pl,AVAILABILITY,origin.list,origin.list,2022-03-24 05:16:31.847054,f5bab6cca2c7edaec9e02d15
czerwona-skarbonka.pl,AVAILABILITY,origin.list,origin.list,2022-03-24 05:16:33.851516,f5bab6cca2c7edaec9e02d15
czestochowanews.pl,AVAILABILITY,origin.list,origin.list,2022-03-24 05:16:35.632157,f5bab6cca2c7edaec9e02d15
czecho.pl,AVAILABILITY,origin.list,origin.list,2022-03-24 05:16:35.779544,f5bab6cca2c7edaec9e02d15
czestochowskie24.pl,AVAILABILITY,origin.list,origin.list,2022-03-24 05:16:40.097091,f5bab6cca2c7edaec9e02d15
czest.info,AVAILABILITY,origin.list,origin.list,2022-03-24 05:16:44.489751,f5bab6cca2c7edaec9e02d15
czesci-rolnicze-online.pl,AVAILABILITY,origin.list,origin.list,2022-03-24 05:16:45.662318,f5bab6cca2c7edaec9e02d15
czytajsklad.com,AVAILABILITY,origin.list,origin.list,2022-03-24 05:16:51.510945,f5bab6cca2c7edaec9e02d15
czyliwiesz.pl,AVAILABILITY,origin.list,origin.list,2022-03-24 05:16:52.117126,f5bab6cca2c7edaec9e02d15
czluchow.com.pl,AVAILABILITY,origin.list,origin.list,2022-03-24 05:16:52.587956,f5bab6cca2c7edaec9e02d15
cztery-lapy.pl,AVAILABILITY,origin.list,origin.list,2022-03-24 05:16:53.408878,f5bab6cca2c7edaec9e02d15
darkw.pl,AVAILABILITY,origin.list,origin.list,2022-03-24 05:17:00.949108,f5bab6cca2c7edaec9e02d15
datapremiery.pl,AVAILABILITY,origin.list,origin.list,2022-03-24 05:17:01.521057,f5bab6cca2c7edaec9e02d15
db2010.pl,AVAILABILITY,origin.list,origin.list,2022-03-24 05:17:01.589620,f5bab6cca2c7edaec9e02d15
czyztak.pl,AVAILABILITY,origin.list,origin.list,2022-03-24 05:17:02.323302,f5bab6cca2c7edaec9e02d15
ddbelchatow.pl,AVAILABILITY,origin.list,origin.list,2022-03-24 05:17:07.738786,f5bab6cca2c7edaec9e02d15
dbpolska.net,AVAILABILITY,origin.list,origin.list,2022-03-24 05:17:09.550288,f5bab6cca2c7edaec9e02d15
ddz.doba.pl,AVAILABILITY,origin.list,origin.list,2022-03-24 05:17:11.337892,f5bab6cca2c7edaec9e02d15
ddz24.eu,AVAILABILITY,origin.list,origin.list,2022-03-24 05:17:14.286711,f5bab6cca2c7edaec9e02d15
debica.tv,AVAILABILITY,origin.list,origin.list,2022-03-24 05:17:16.272967,f5bab6cca2c7edaec9e02d15
deblin24.eu,AVAILABILITY,origin.list,origin.list,2022-03-24 05:17:17.354552,f5bab6cca2c7edaec9e02d15
deblinnews.pl,AVAILABILITY,origin.list,origin.list,2022-03-24 05:17:19.234148,f5bab6cca2c7edaec9e02d15
decoupage24.pl,AVAILABILITY,origin.list,origin.list,2022-03-24 05:17:23.965782,f5bab6cca2c7edaec9e02d15
deccoria.pl,AVAILABILITY,origin.list,origin.list,2022-03-24 05:17:28.122774,f5bab6cca2c7edaec9e02d15
defence24.pl,AVAILABILITY,origin.list,origin.list,2022-03-24 05:17:33.701560,f5bab6cca2c7edaec9e02d15
deon.pl,AVAILABILITY,origin.list,origin.list,2022-03-24 05:17:38.067371,f5bab6cca2c7edaec9e02d15
demotywatory.pl,AVAILABILITY,origin.list,origin.list,2022-03-24 05:17:38.100633,f5bab6cca2c7edaec9e02d15
di.com.pl,AVAILABILITY,origin.list,origin.list,2022-03-24 05:17:47.014447,f5bab6cca2c7edaec9e02d15
diagnozujmy.pl,AVAILABILITY,origin.list,origin.list,2022-03-24 05:17:49.035619,f5bab6cca2c7edaec9e02d15
digi-tv.pl,AVAILABILITY,origin.list,origin.list,2022-03-24 05:17:53.329955,f5bab6cca2c7edaec9e02d15
disco-polo.info,AVAILABILITY,origin.list,origin.list,2022-03-24 05:17:54.947098,f5bab6cca2c7edaec9e02d15
dieroten.pl,AVAILABILITY,origin.list,origin.list,2022-03-24 05:17:55.004930,f5bab6cca2c7edaec9e02d15
digest.com.pl,AVAILABILITY,origin.list,origin.list,2022-03-24 05:17:57.524433,f5bab6cca2c7edaec9e02d15
ding.pl,AVAILABILITY,origin.list,origin.list,2022-03-24 05:17:58.414446,f5bab6cca2c7edaec9e02d15
dj24.pl,AVAILABILITY,origin.list,origin.list,2022-03-24 05:18:03.026892,f5bab6cca2c7edaec9e02d15
divers24.pl,AVAILABILITY,origin.list,origin.list,2022-03-24 05:18:03.177512,f5bab6cca2c7edaec9e02d15
discopolonew.cba.pl,AVAILABILITY,origin.list,origin.list,2022-03-24 05:18:05.951668,f5bab6cca2c7edaec9e02d15
dlahandlu.pl,AVAILABILITY,origin.list,origin.list,2022-03-24 05:18:08.455128,f5bab6cca2c7edaec9e02d15
dkl24.pl,AVAILABILITY,origin.list,origin.list,2022-03-24 05:18:09.959112,f5bab6cca2c7edaec9e02d15
dobra-mama.pl,AVAILABILITY,origin.list,origin.list,2022-03-24 05:18:15.614305,f5bab6cca2c7edaec9e02d15
dlalejdis.pl,AVAILABILITY,origin.list,origin.list,2022-03-24 05:18:17.144566,f5bab6cca2c7edaec9e02d15
doba.pl,AVAILABILITY,origin.list,origin.list,2022-03-24 05:18:17.676238,f5bab6cca2c7edaec9e02d15
dobredladziecka.pl,AVAILABILITY,origin.list,origin.list,2022-03-24 05:18:17.758850,f5bab6cca2c7edaec9e02d15
dobrastacja.pl,AVAILABILITY,origin.list,origin.list,2022-03-24 05:18:18.460476,f5bab6cca2c7edaec9e02d15
dodajauto.pl,AVAILABILITY,origin.list,origin.list,2022-03-24 05:18:23.826204,f5bab6cca2c7edaec9e02d15
dogry.pl,AVAILABILITY,origin.list,origin.list,2022-03-24 05:18:27.066561,f5bab6cca2c7edaec9e02d15
dojrzalakobieta.pl,AVAILABILITY,origin.list,origin.list,2022-03-24 05:18:27.964863,f5bab6cca2c7edaec9e02d15
dogosfera.pl,AVAILABILITY,origin.list,origin.list,2022-03-24 05:18:28.153221,f5bab6cca2c7edaec9e02d15
dom.elka.pl,AVAILABILITY,origin.list,origin.list,2022-03-24 05:18:32.967326,f5bab6cca2c7edaec9e02d15
dom.gratka.pl,AVAILABILITY,origin.list,origin.list,2022-03-24 05:18:36.536323,f5bab6cca2c7edaec9e02d15
domiporta.pl,AVAILABILITY,origin.list,origin.list,2022-03-24 05:18:43.045382,f5bab6cca2c7edaec9e02d15
domowyprzedszkolak.pl,AVAILABILITY,origin.list,origin.list,2022-03-24 05:18:46.868679,f5bab6cca2c7edaec9e02d15
domyseniora.pl,AVAILABILITY,origin.list,origin.list,2022-03-24 05:18:49.650927,f5bab6cca2c7edaec9e02d15
domzdrowia.pl,AVAILABILITY,origin.list,origin.list,2022-03-24 05:18:50.076346,f5bab6cca2c7edaec9e02d15
doradcasmaku.pl,AVAILABILITY,origin.list,origin.list,2022-03-24 05:18:53.545585,f5bab6cca2c7edaec9e02d15
dotnetomaniak.pl,AVAILABILITY,origin.list,origin.list,2022-03-24 05:18:59.359491,f5bab6cca2c7edaec9e02d15
dorzeczy.pl,AVAILABILITY,origin.list,origin.list,2022-03-24 05:18:59.678705,f5bab6cca2c7edaec9e02d15
dostawczakiem.pl,AVAILABILITY,origin.list,origin.list,2022-03-24 05:19:00.102616,f5bab6cca2c7edaec9e02d15
download.net.pl,AVAILABILITY,origin.list,origin.list,2022-03-24 05:19:04.002634,f5bab6cca2c7edaec9e02d15
download.komputerswiat.pl,AVAILABILITY,origin.list,origin.list,2022-03-24 05:19:05.998100,f5bab6cca2c7edaec9e02d15
drobne.grpowiat.pl,AVAILABILITY,origin.list,origin.list,2022-03-24 05:19:11.078717,f5bab6cca2c7edaec9e02d15
doz.pl,AVAILABILITY,origin.list,origin.list,2022-03-24 05:19:11.319240,f5bab6cca2c7edaec9e02d15
driverm.webd.pl,AVAILABILITY,origin.list,origin.list,2022-03-24 05:19:13.236192,f5bab6cca2c7edaec9e02d15
druk.info.pl,AVAILABILITY,origin.list,origin.list,2022-03-24 05:19:15.540230,f5bab6cca2c7edaec9e02d15
dts24.pl,AVAILABILITY,origin.list,origin.list,2022-03-24 05:19:17.783172,f5bab6cca2c7edaec9e02d15
dstar.pzk.pl,AVAILABILITY,origin.list,origin.list,2022-03-24 05:19:21.013530,f5bab6cca2c7edaec9e02d15
dtv24.pl,AVAILABILITY,origin.list,origin.list,2022-03-24 05:19:21.939366,f5bab6cca2c7edaec9e02d15
dx-team.org,AVAILABILITY,origin.list,origin.list,2022-03-24 05:19:27.956428,f5bab6cca2c7edaec9e02d15
dziecipoznan.pl,AVAILABILITY,origin.list,origin.list,2022-03-24 05:19:28.518636,f5bab6cca2c7edaec9e02d15
dvbtmap.eu,AVAILABILITY,origin.list,origin.list,2022-03-24 05:19:29.917059,f5bab6cca2c7edaec9e02d15
dzienniknaukowy.pl,AVAILABILITY,origin.list,origin.list,2022-03-24 05:19:41.139579,f5bab6cca2c7edaec9e02d15
dziennik.pl,AVAILABILITY,origin.list,origin.list,2022-03-24 05:19:42.010137,f5bab6cca2c7edaec9e02d15
dziennikpolski24.pl,AVAILABILITY,origin.list,origin.list,2022-03-24 05:19:48.252078,f5bab6cca2c7edaec9e02d15
dziennikplocki.pl,AVAILABILITY,origin.list,origin.list,2022-03-24 05:19:49.747087,f5bab6cca2c7edaec9e02d15
dziennik.walbrzych.pl,AVAILABILITY,origin.list,origin.list,2022-03-24 05:19:50.237217,f5bab6cca2c7edaec9e02d15
dziennikpolicki.pl,AVAILABILITY,origin.list,origin.list,2022-03-24 05:19:50.402524,f5bab6cca2c7edaec9e02d15
dziennikzwiazkowy.com,AVAILABILITY,origin.list,origin.list,2022-03-24 05:19:52.505905,f5bab6cca2c7edaec9e02d15
dziennikwschodni.pl,AVAILABILITY,origin.list,origin.list,2022-03-24 05:19:58.665143,f5bab6cca2c7edaec9e02d15
dzisiajwgliwicach.pl,AVAILABILITY,origin.list,origin.list,2022-03-24 05:20:02.177699,f5bab6cca2c7edaec9e02d15
dzwignice.info,AVAILABILITY,origin.list,origin.list,2022-03-24 05:20:08.966412,f5bab6cca2c7edaec9e02d15
e-chorzow.com,AVAILABILITY,origin.list,origin.list,2022-03-24 05:20:09.481143,f5bab6cca2c7edaec9e02d15
e-blogi.pl,AVAILABILITY,origin.list,origin.list,2022-03-24 05:20:09.613934,f5bab6cca2c7edaec9e02d15
e-dobrydom.pl,AVAILABILITY,origin.list,origin.list,2022-03-24 05:20:10.267750,f5bab6cca2c7edaec9e02d15
e-fvat.pl,AVAILABILITY,origin.list,origin.list,2022-03-24 05:20:13.675064,f5bab6cca2c7edaec9e02d15
e-hip.pl,AVAILABILITY,origin.list,origin.list,2022-03-24 05:20:18.719838,f5bab6cca2c7edaec9e02d15
e-grajewo.pl,AVAILABILITY,origin.list,origin.list,2022-03-24 05:20:19.382766,f5bab6cca2c7edaec9e02d15
e-hotelarz.pl,AVAILABILITY,origin.list,origin.list,2022-03-24 05:20:23.301390,f5bab6cca2c7edaec9e02d15
e-kg.pl,AVAILABILITY,origin.list,origin.list,2022-03-24 05:20:32.407944,f5bab6cca2c7edaec9e02d15
e-korepetycje.net,AVAILABILITY,origin.list,origin.list,2022-03-24 05:20:37.427867,f5bab6cca2c7edaec9e02d15
e-lubon.pl,AVAILABILITY,origin.list,origin.list,2022-03-24 05:20:38.250968,f5bab6cca2c7edaec9e02d15
e-kolo.pl,AVAILABILITY,origin.list,origin.list,2022-03-24 05:20:39.808548,f5bab6cca2c7edaec9e02d15
e-kursy-walut.pl,AVAILABILITY,origin.list,origin.list,2022-03-24 05:20:40.422141,f5bab6cca2c7edaec9e02d15
e-lokalne.pl,AVAILABILITY,origin.list,origin.list,2022-03-24 05:20:44.071610,f5bab6cca2c7edaec9e02d15
e-play.pl,AVAILABILITY,origin.list,origin.list,2022-03-24 05:20:45.643255,f5bab6cca2c7edaec9e02d15
e-pajeczno.pl,AVAILABILITY,origin.list,origin.list,2022-03-24 05:20:49.012920,f5bab6cca2c7edaec9e02d15
e-restauracja.com,AVAILABILITY,origin.list,origin.list,2022-03-24 05:20:49.274962,f5bab6cca2c7edaec9e02d15
e-sadownictwo.pl,AVAILABILITY,origin.list,origin.list,2022-03-24 05:20:49.461274,f5bab6cca2c7edaec9e02d15
e-stargard.pl,AVAILABILITY,origin.list,origin.list,2022-03-24 05:20:58.832979,f5bab6cca2c7edaec9e02d15
e-tlumacze.net,AVAILABILITY,origin.list,origin.list,2022-03-24 05:20:59.086190,f5bab6cca2c7edaec9e02d15
e-telecom.pl,AVAILABILITY,origin.list,origin.list,2022-03-24 05:20:59.373895,f5bab6cca2c7edaec9e02d15
e-warzywnictwo.pl,AVAILABILITY,origin.list,origin.list,2022-03-24 05:21:07.149958,f5bab6cca2c7edaec9e02d15
ebarlinek.pl,AVAILABILITY,origin.list,origin.list,2022-03-24 05:21:11.349694,f5bab6cca2c7edaec9e02d15
ebookichomikuj.pl,AVAILABILITY,origin.list,origin.list,2022-03-24 05:21:18.935365,f5bab6cca2c7edaec9e02d15
echirurgia.pl,AVAILABILITY,origin.list,origin.list,2022-03-24 05:21:20.107234,f5bab6cca2c7edaec9e02d15
ebd.cda.pl,AVAILABILITY,origin.list,origin.list,2022-03-24 05:21:20.536535,f5bab6cca2c7edaec9e02d15
ebelchatow.pl,AVAILABILITY,origin.list,origin.list,2022-03-24 05:21:21.937129,f5bab6cca2c7edaec9e02d15
ecentrum.pl,AVAILABILITY,origin.list,origin.list,2022-03-24 05:21:22.582891,f5bab6cca2c7edaec9e02d15
echotygodnik.info,AVAILABILITY,origin.list,origin.list,2022-03-24 05:21:30.128327,f5bab6cca2c7edaec9e02d15
echodnia.eu,AVAILABILITY,origin.list,origin.list,2022-03-24 05:21:32.986925,f5bab6cca2c7edaec9e02d15
echogorzowa.pl,AVAILABILITY,origin.list,origin.list,2022-03-24 05:21:33.986072,f5bab6cca2c7edaec9e02d15
echo24.tv,AVAILABILITY,origin.list,origin.list,2022-03-24 05:21:34.173025,f5bab6cca2c7edaec9e02d15
echosredzkie.pl,AVAILABILITY,origin.list,origin.list,2022-03-24 05:21:38.782707,f5bab6cca2c7edaec9e02d15
edux.pl,AVAILABILITY,origin.list,origin.list,2022-03-24 05:21:43.063371,f5bab6cca2c7edaec9e02d15
egami-image.com,AVAILABILITY,origin.list,origin.list,2022-03-24 05:21:44.975636,f5bab6cca2c7edaec9e02d15
efilmy.tv,AVAILABILITY,origin.list,origin.list,2022-03-24 05:21:44.976811,f5bab6cca2c7edaec9e02d15
egryfino.pl,AVAILABILITY,origin.list,origin.list,2022-03-24 05:21:55.267014,f5bab6cca2c7edaec9e02d15
egarwolin.pl,AVAILABILITY,origin.list,origin.list,2022-03-24 05:21:55.279781,f5bab6cca2c7edaec9e02d15
eholiday.pl,AVAILABILITY,origin.list,origin.list,2022-03-24 05:21:57.962047,f5bab6cca2c7edaec9e02d15
ekino-tv.pl,AVAILABILITY,origin.list,origin.list,2022-03-24 05:22:05.450812,f5bab6cca2c7edaec9e02d15
eioba.pl,AVAILABILITY,origin.list,origin.list,2022-03-24 05:22:07.854731,f5bab6cca2c7edaec9e02d15
ekorodzice.pl,AVAILABILITY,origin.list,origin.list,2022-03-24 05:22:08.311610,f5bab6cca2c7edaec9e02d15
eksiazki.az.pl,AVAILABILITY,origin.list,origin.list,2022-03-24 05:22:09.466506,f5bab6cca2c7edaec9e02d15
ekologia.pl,AVAILABILITY,origin.list,origin.list,2022-03-24 05:22:10.091478,f5bab6cca2c7edaec9e02d15
ekstrastats.pl,AVAILABILITY,origin.list,origin.list,2022-03-24 05:22:15.390809,f5bab6cca2c7edaec9e02d15
ekurdwanow.pl,AVAILABILITY,origin.list,origin.list,2022-03-24 05:22:20.899351,f5bab6cca2c7edaec9e02d15
elblag.net,AVAILABILITY,origin.list,origin.list,2022-03-24 05:22:22.642848,f5bab6cca2c7edaec9e02d15
eku24.net,AVAILABILITY,origin.list,origin.list,2022-03-24 05:22:23.465027,f5bab6cca2c7edaec9e02d15
elblag24.pl,AVAILABILITY,origin.list,origin.list,2022-03-24 05:22:28.232518,f5bab6cca2c7edaec9e02d15
ele24.net,AVAILABILITY,origin.list,origin.list,2022-03-24 05:22:32.821168,f5bab6cca2c7edaec9e02d15
elektroda.pl,AVAILABILITY,origin.list,origin.list,2022-03-24 05:22:35.620760,f5bab6cca2c7edaec9e02d15
elektrosystemy.pl,AVAILABILITY,origin.list,origin.list,2022-03-24 05:22:41.556389,f5bab6cca2c7edaec9e02d15
elektroinstalacje.info,AVAILABILITY,origin.list,origin.list,2022-03-24 05:22:47.963209,f5bab6cca2c7edaec9e02d15
elita-magazyn.pl,AVAILABILITY,origin.list,origin.list,2022-03-24 05:22:48.744347,f5bab6cca2c7edaec9e02d15
elektryka.org,AVAILABILITY,origin.list,origin.list,2022-03-24 05:22:49.420085,f5bab6cca2c7edaec9e02d15
elka.pl,AVAILABILITY,origin.list,origin.list,2022-03-24 05:22:51.217043,f5bab6cca2c7edaec9e02d15
elle.pl,AVAILABILITY,origin.list,origin.list,2022-03-24 05:22:55.861101,f5bab6cca2c7edaec9e02d15
elubaczow.com,AVAILABILITY,origin.list,origin.list,2022-03-24 05:23:05.963894,f5bab6cca2c7edaec9e02d15
em.kielce.pl,AVAILABILITY,origin.list,origin.list,2022-03-24 05:23:10.300988,f5bab6cca2c7edaec9e02d15
emecze.pl,AVAILABILITY,origin.list,origin.list,2022-03-24 05:23:12.246354,f5bab6cca2c7edaec9e02d15
energetyka24.com,AVAILABILITY,origin.list,origin.list,2022-03-24 05:23:22.922319,f5bab6cca2c7edaec9e02d15
endurorider.pl,AVAILABILITY,origin.list,origin.list,2022-03-24 05:23:25.264406,f5bab6cca2c7edaec9e02d15
enowiny.pl,AVAILABILITY,origin.list,origin.list,2022-03-24 05:23:31.782675,f5bab6cca2c7edaec9e02d15
encyklopedia.pwn.pl,AVAILABILITY,origin.list,origin.list,2022-03-24 05:23:32.134653,f5bab6cca2c7edaec9e02d15
eostroleka.pl,AVAILABILITY,origin.list,origin.list,2022-03-24 05:23:35.771440,f5bab6cca2c7edaec9e02d15
epainfo.pl,AVAILABILITY,origin.list,origin.list,2022-03-24 05:23:46.403756,f5bab6cca2c7edaec9e02d15
eparczew.pl,AVAILABILITY,origin.list,origin.list,2022-03-24 05:23:52.422606,f5bab6cca2c7edaec9e02d15
epd24.net,AVAILABILITY,origin.list,origin.list,2022-03-24 05:23:52.651466,f5bab6cca2c7edaec9e02d15
epoznan.pl,AVAILABILITY,origin.list,origin.list,2022-03-24 05:23:54.191507,f5bab6cca2c7edaec9e02d15
epiotrkow.pl,AVAILABILITY,origin.list,origin.list,2022-03-24 05:23:54.548679,f5bab6cca2c7edaec9e02d15
erasmusu.com,AVAILABILITY,origin.list,origin.list,2022-03-24 05:24:04.303235,f5bab6cca2c7edaec9e02d15
eredivisie.pl,AVAILABILITY,origin.list,origin.list,2022-03-24 05:24:05.097282,f5bab6cca2c7edaec9e02d15
eprzasnysz.pl,AVAILABILITY,origin.list,origin.list,2022-03-24 05:24:05.423617,f5bab6cca2c7edaec9e02d15
erp-view.pl,AVAILABILITY,origin.list,origin.list,2022-03-24 05:24:11.679399,f5bab6cca2c7edaec9e02d15
esanok.pl,AVAILABILITY,origin.list,origin.list,2022-03-24 05:24:22.123994,f5bab6cca2c7edaec9e02d15
ergokantor.pl,AVAILABILITY,origin.list,origin.list,2022-03-24 05:24:22.668887,f5bab6cca2c7edaec9e02d15
eska.pl,AVAILABILITY,origin.list,origin.list,2022-03-24 05:24:26.976164,f5bab6cca2c7edaec9e02d15
eslupsk.pl,AVAILABILITY,origin.list,origin.list,2022-03-24 05:24:31.377369,f5bab6cca2c7edaec9e02d15
eskatt.pl,AVAILABILITY,origin.list,origin.list,2022-03-24 05:24:33.243259,f5bab6cca2c7edaec9e02d15
e-sochaczew.pl,AVAILABILITY,origin.list,origin.list,2022-03-24 05:24:34.072751,f5bab6cca2c7edaec9e02d15
estadios.pl,AVAILABILITY,origin.list,origin.list,2022-03-24 05:24:38.483143,f5bab6cca2c7edaec9e02d15
estadios24.pl,AVAILABILITY,origin.list,origin.list,2022-03-24 05:24:42.094547,f5bab6cca2c7edaec9e02d15
eswinoujscie.pl,AVAILABILITY,origin.list,origin.list,2022-03-24 05:24:46.058932,f5bab6cca2c7edaec9e02d15
estrzelce.pl,AVAILABILITY,origin.list,origin.list,2022-03-24 05:24:46.119493,f5bab6cca2c7edaec9e02d15
eszkola.pl,AVAILABILITY,origin.list,origin.list,2022-03-24 05:24:49.891158,f5bab6cca2c7edaec9e02d15
etychy.org,AVAILABILITY,origin.list,origin.list,2022-03-24 05:24:56.161743,f5bab6cca2c7edaec9e02d15
etransport.pl,AVAILABILITY,origin.list,origin.list,2022-03-24 05:24:59.955937,f5bab6cca2c7edaec9e02d15
euractiv.pl,AVAILABILITY,origin.list,origin.list,2022-03-24 05:25:00.244656,f5bab6cca2c7edaec9e02d15
eufigames.com,AVAILABILITY,origin.list,origin.list,2022-03-24 05:25:00.446749,f5bab6cca2c7edaec9e02d15
euro.com.pl,AVAILABILITY,origin.list,origin.list,2022-03-24 05:25:11.837130,f5bab6cca2c7edaec9e02d15
eurogamer.pl,AVAILABILITY,origin.list,origin.list,2022-03-24 05:25:22.161654,f5bab6cca2c7edaec9e02d15
eurologistics.pl,AVAILABILITY,origin.list,origin.list,2022-03-24 05:25:24.891020,f5bab6cca2c7edaec9e02d15
eweszlo.pl,AVAILABILITY,origin.list,origin.list,2022-03-24 05:25:27.813129,f5bab6cca2c7edaec9e02d15
ewyszkow.pl,AVAILABILITY,origin.list,origin.list,2022-03-24 05:25:28.735773,f5bab6cca2c7edaec9e02d15
exerim.pl,AVAILABILITY,origin.list,origin.list,2022-03-24 05:25:34.404048,f5bab6cca2c7edaec9e02d15
expresskaszubski.pl,AVAILABILITY,origin.list,origin.list,2022-03-24 05:25:35.565441,f5bab6cca2c7edaec9e02d15
express.olsztyn.pl,AVAILABILITY,origin.list,origin.list,2022-03-24 05:25:42.807592,f5bab6cca2c7edaec9e02d15
expressilustrowany.pl,AVAILABILITY,origin.list,origin.list,2022-03-24 05:25:43.474496,f5bab6cca2c7edaec9e02d15
expresselblag.pl,AVAILABILITY,origin.list,origin.list,2022-03-24 05:25:48.324519,f5bab6cca2c7edaec9e02d15
extraswiecie.pl,AVAILABILITY,origin.list,origin.list,2022-03-24 05:25:51.304199,f5bab6cca2c7edaec9e02d15
ezakopane.pl,AVAILABILITY,origin.list,origin.list,2022-03-24 05:25:54.445440,f5bab6cca2c7edaec9e02d15
ezamosc.pl,AVAILABILITY,origin.list,origin.list,2022-03-24 05:25:55.110146,f5bab6cca2c7edaec9e02d15
ezarszyn.pl,AVAILABILITY,origin.list,origin.list,2022-03-24 05:25:58.390684,f5bab6cca2c7edaec9e02d15
f1.dziel-pasje.pl,AVAILABILITY,origin.list,origin.list,2022-03-24 05:26:02.798807,f5bab6cca2c7edaec9e02d15
ezg24.net,AVAILABILITY,origin.list,origin.list,2022-03-24 05:26:07.233612,f5bab6cca2c7edaec9e02d15
fabrykasily.pl,AVAILABILITY,origin.list,origin.list,2022-03-24 05:26:10.527994,f5bab6cca2c7edaec9e02d15
fabrykasypialni.pl,AVAILABILITY,origin.list,origin.list,2022-03-24 05:26:12.408636,f5bab6cca2c7edaec9e02d15
f1wm.pl,AVAILABILITY,origin.list,origin.list,2022-03-24 05:26:12.980692,f5bab6cca2c7edaec9e02d15
facetemjestem.pl,AVAILABILITY,origin.list,origin.list,2022-03-24 05:26:13.772616,f5bab6cca2c7edaec9e02d15
fachowydekarz.pl,AVAILABILITY,origin.list,origin.list,2022-03-24 05:26:20.483708,f5bab6cca2c7edaec9e02d15
facetpo40.pl,AVAILABILITY,origin.list,origin.list,2022-03-24 05:26:20.893205,f5bab6cca2c7edaec9e02d15
fachowyinstalator.pl,AVAILABILITY,origin.list,origin.list,2022-03-24 05:26:23.259563,f5bab6cca2c7edaec9e02d15
fajowe.pl,AVAILABILITY,origin.list,origin.list,2022-03-24 05:26:24.409954,f5bab6cca2c7edaec9e02d15
faktura.pl,AVAILABILITY,origin.list,origin.list,2022-03-24 05:26:31.185064,f5bab6cca2c7edaec9e02d15
fakt.pl,AVAILABILITY,origin.list,origin.list,2022-03-24 05:26:32.922125,f5bab6cca2c7edaec9e02d15
www.fakty.nl,AVAILABILITY,origin.list,origin.list,2022-03-24 05:26:37.593601,f5bab6cca2c7edaec9e02d15
faktykaliskie.pl,AVAILABILITY,origin.list,origin.list,2022-03-24 05:26:37.762895,f5bab6cca2c7edaec9e02d15
fakty.interia.pl,AVAILABILITY,origin.list,origin.list,2022-03-24 05:26:39.083686,f5bab6cca2c7edaec9e02d15
faktykonopne.pl,AVAILABILITY,origin.list,origin.list,2022-03-24 05:26:40.618042,f5bab6cca2c7edaec9e02d15
fandroid.com.pl,AVAILABILITY,origin.list,origin.list,2022-03-24 05:26:45.002830,f5bab6cca2c7edaec9e02d15
fangol.pl,AVAILABILITY,origin.list,origin.list,2022-03-24 05:26:47.515145,f5bab6cca2c7edaec9e02d15
faniperfum.pl,AVAILABILITY,origin.list,origin.list,2022-03-24 05:26:48.418459,f5bab6cca2c7edaec9e02d15
fantastyka.pl,AVAILABILITY,origin.list,origin.list,2022-03-24 05:26:48.424797,f5bab6cca2c7edaec9e02d15
faunaflora.com.pl,AVAILABILITY,origin.list,origin.list,2022-03-24 05:27:00.176309,f5bab6cca2c7edaec9e02d15
fcinter.pl,AVAILABILITY,origin.list,origin.list,2022-03-24 05:27:04.747997,f5bab6cca2c7edaec9e02d15
fechallenge.com,AVAILABILITY,origin.list,origin.list,2022-03-24 05:27:05.652882,f5bab6cca2c7edaec9e02d15
fileland.pl,AVAILABILITY,origin.list,origin.list,2022-03-24 05:27:09.451747,f5bab6cca2c7edaec9e02d15
files4you.org,AVAILABILITY,origin.list,origin.list,2022-03-24 05:27:11.122192,f5bab6cca2c7edaec9e02d15
filesdark.com,AVAILABILITY,origin.list,origin.list,2022-03-24 05:27:14.576014,f5bab6cca2c7edaec9e02d15
fiatklubpolska.pl,AVAILABILITY,origin.list,origin.list,2022-03-24 05:27:15.330649,f5bab6cca2c7edaec9e02d15
filmpolski.pl,AVAILABILITY,origin.list,origin.list,2022-03-24 05:27:18.293019,f5bab6cca2c7edaec9e02d15
filmweb.pl,AVAILABILITY,origin.list,origin.list,2022-03-24 05:27:26.635257,f5bab6cca2c7edaec9e02d15
fintek.pl,AVAILABILITY,origin.list,origin.list,2022-03-24 05:27:28.422196,f5bab6cca2c7edaec9e02d15
firmy77.pl,AVAILABILITY,origin.list,origin.list,2022-03-24 05:27:31.861362,f5bab6cca2c7edaec9e02d15
fishing-mart.com.pl,AVAILABILITY,origin.list,origin.list,2022-03-24 05:27:31.945953,f5bab6cca2c7edaec9e02d15
flarrow.pl,AVAILABILITY,origin.list,origin.list,2022-03-24 05:27:33.258564,f5bab6cca2c7edaec9e02d15
fly4free.pl,AVAILABILITY,origin.list,origin.list,2022-03-24 05:27:40.925972,f5bab6cca2c7edaec9e02d15
flashscore.pl,AVAILABILITY,origin.list,origin.list,2022-03-24 05:27:42.566310,f5bab6cca2c7edaec9e02d15
foodpanda.pl,AVAILABILITY,origin.list,origin.list,2022-03-24 05:27:46.347938,f5bab6cca2c7edaec9e02d15
fm.tuba.pl,AVAILABILITY,origin.list,origin.list,2022-03-24 05:27:47.051863,f5bab6cca2c7edaec9e02d15
food-forum.pl,AVAILABILITY,origin.list,origin.list,2022-03-24 05:27:49.769009,f5bab6cca2c7edaec9e02d15
footbar.info,AVAILABILITY,origin.list,origin.list,2022-03-24 05:27:53.180273,f5bab6cca2c7edaec9e02d15
fora.pl,AVAILABILITY,origin.list,origin.list,2022-03-24 05:27:54.034268,f5bab6cca2c7edaec9e02d15
footroll.pl,AVAILABILITY,origin.list,origin.list,2022-03-24 05:27:54.788877,f5bab6cca2c7edaec9e02d15
forall.pl,AVAILABILITY,origin.list,origin.list,2022-03-24 05:27:57.659266,f5bab6cca2c7edaec9e02d15
forbes.pl,AVAILABILITY,origin.list,origin.list,2022-03-24 05:28:00.138507,f5bab6cca2c7edaec9e02d15
forbot.pl,AVAILABILITY,origin.list,origin.list,2022-03-24 05:28:06.881669,f5bab6cca2c7edaec9e02d15
forex-nawigator.biz,AVAILABILITY,origin.list,origin.list,2022-03-24 05:28:07.841141,f5bab6cca2c7edaec9e02d15
foreca.pl,AVAILABILITY,origin.list,origin.list,2022-03-24 05:28:09.920081,f5bab6cca2c7edaec9e02d15
fors.pl,AVAILABILITY,origin.list,origin.list,2022-03-24 05:28:10.495985,f5bab6cca2c7edaec9e02d15
forsal.pl,AVAILABILITY,origin.list,origin.list,2022-03-24 05:28:14.369983,f5bab6cca2c7edaec9e02d15
forum-kulturystyka.pl,AVAILABILITY,origin.list,origin.list,2022-03-24 05:29:53.938166,f5bab6cca2c7edaec9e02d15
forum.alfaholicy.org,AVAILABILITY,origin.list,origin.list,2022-03-24 05:29:55.862901,f5bab6cca2c7edaec9e02d15
forum.android.com.pl,AVAILABILITY,origin.list,origin.list,2022-03-24 05:29:56.355365,f5bab6cca2c7edaec9e02d15
forum.atnel.pl,AVAILABILITY,origin.list,origin.list,2022-03-24 05:29:59.863107,f5bab6cca2c7edaec9e02d15
forum.autodoradca.pl,AVAILABILITY,origin.list,origin.list,2022-03-24 05:30:02.442864,f5bab6cca2c7edaec9e02d15
forum.cdaction.pl,AVAILABILITY,origin.list,origin.list,2022-03-24 05:30:03.527961,f5bab6cca2c7edaec9e02d15
forum.cs-4frags.pl,AVAILABILITY,origin.list,origin.list,2022-03-24 05:30:06.170717,f5bab6cca2c7edaec9e02d15
forum.cs-classic.pl,AVAILABILITY,origin.list,origin.list,2022-03-24 05:30:10.511919,f5bab6cca2c7edaec9e02d15
forum.drivecenter.pl,AVAILABILITY,origin.list,origin.list,2022-03-24 05:30:13.804634,f5bab6cca2c7edaec9e02d15
forum.ebiznesy.pl,AVAILABILITY,origin.list,origin.list,2022-03-24 05:30:16.033767,f5bab6cca2c7edaec9e02d15
forum.fedora.pl,AVAILABILITY,origin.list,origin.list,2022-03-24 05:30:17.892564,f5bab6cca2c7edaec9e02d15
forum.elportal.pl,AVAILABILITY,origin.list,origin.list,2022-03-24 05:30:20.972929,f5bab6cca2c7edaec9e02d15
forum.fordclubpolska.org,AVAILABILITY,origin.list,origin.list,2022-03-24 05:30:22.604582,f5bab6cca2c7edaec9e02d15
forum.gazeta.pl,AVAILABILITY,origin.list,origin.list,2022-03-24 05:30:24.364264,f5bab6cca2c7edaec9e02d15
forum.gniezno.com.pl,AVAILABILITY,origin.list,origin.list,2022-03-24 05:30:26.638589,f5bab6cca2c7edaec9e02d15
forum.gram.pl,AVAILABILITY,origin.list,origin.list,2022-03-24 05:30:32.872204,f5bab6cca2c7edaec9e02d15
forum.juvepoland.com,AVAILABILITY,origin.list,origin.list,2022-03-24 05:30:33.867976,f5bab6cca2c7edaec9e02d15
forum.nissanklub.pl,AVAILABILITY,origin.list,origin.list,2022-03-24 05:30:36.932793,f5bab6cca2c7edaec9e02d15
forum.kodiwpigulce.pl,AVAILABILITY,origin.list,origin.list,2022-03-24 05:30:38.276616,f5bab6cca2c7edaec9e02d15
forum.optymalizacja.com,AVAILABILITY,origin.list,origin.list,2022-03-24 05:30:49.223145,f5bab6cca2c7edaec9e02d15
forum.pcformat.pl,AVAILABILITY,origin.list,origin.list,2022-03-24 05:30:50.174617,f5bab6cca2c7edaec9e02d15
forum.pclab.pl,AVAILABILITY,origin.list,origin.list,2022-03-24 05:30:51.372771,f5bab6cca2c7edaec9e02d15
forumpps.pl,AVAILABILITY,origin.list,origin.list,2022-03-24 05:30:59.559681,f5bab6cca2c7edaec9e02d15
forum.usa.info.pl,AVAILABILITY,origin.list,origin.list,2022-03-24 05:30:59.776991,f5bab6cca2c7edaec9e02d15
forum.szafa.pl,AVAILABILITY,origin.list,origin.list,2022-03-24 05:31:02.097873,f5bab6cca2c7edaec9e02d15
forumfs.pl,AVAILABILITY,origin.list,origin.list,2022-03-24 05:31:12.015725,f5bab6cca2c7edaec9e02d15
forumhurtowe.pl,AVAILABILITY,origin.list,origin.list,2022-03-24 05:31:12.355360,f5bab6cca2c7edaec9e02d15
forumfajerwerki.pl,AVAILABILITY,origin.list,origin.list,2022-03-24 05:31:12.608245,f5bab6cca2c7edaec9e02d15
forum.vwgolf.pl,AVAILABILITY,origin.list,origin.list,2022-03-24 05:31:15.126706,f5bab6cca2c7edaec9e02d15
forumrowerowe.org,AVAILABILITY,origin.list,origin.list,2022-03-24 05:31:21.210401,f5bab6cca2c7edaec9e02d15
fotelik.info,AVAILABILITY,origin.list,origin.list,2022-03-24 05:31:22.529762,f5bab6cca2c7edaec9e02d15
fotka.com,AVAILABILITY,origin.list,origin.list,2022-03-24 05:31:25.670424,f5bab6cca2c7edaec9e02d15
fragrantica.pl,AVAILABILITY,origin.list,origin.list,2022-03-24 05:31:33.134212,f5bab6cca2c7edaec9e02d15
fotoszok.pl,AVAILABILITY,origin.list,origin.list,2022-03-24 05:31:34.620920,f5bab6cca2c7edaec9e02d15
fpiec.pl,AVAILABILITY,origin.list,origin.list,2022-03-24 05:31:36.330982,f5bab6cca2c7edaec9e02d15
francuskie.pl,AVAILABILITY,origin.list,origin.list,2022-03-24 05:31:44.912181,f5bab6cca2c7edaec9e02d15
franchising.pl,AVAILABILITY,origin.list,origin.list,2022-03-24 05:31:46.640570,f5bab6cca2c7edaec9e02d15
fta.strefa.pl,AVAILABILITY,origin.list,origin.list,2022-03-24 05:31:56.139198,f5bab6cca2c7edaec9e02d15
funkcje.net,AVAILABILITY,origin.list,origin.list,2022-03-24 05:32:01.206344,f5bab6cca2c7edaec9e02d15
funnygames.pl,AVAILABILITY,origin.list,origin.list,2022-03-24 05:32:03.256044,f5bab6cca2c7edaec9e02d15
fronda.pl,AVAILABILITY,origin.list,origin.list,2022-03-24 05:32:03.937665,f5bab6cca2c7edaec9e02d15
futbol.pl,AVAILABILITY,origin.list,origin.list,2022-03-24 05:32:06.226375,f5bab6cca2c7edaec9e02d15
gadzetomania.pl,AVAILABILITY,origin.list,origin.list,2022-03-24 05:32:12.896366,f5bab6cca2c7edaec9e02d15
galeriastron.pl,AVAILABILITY,origin.list,origin.list,2022-03-24 05:32:15.819987,f5bab6cca2c7edaec9e02d15
galeriafirm.eu,AVAILABILITY,origin.list,origin.list,2022-03-24 05:32:15.877567,f5bab6cca2c7edaec9e02d15
galeriatwarzy.pl,AVAILABILITY,origin.list,origin.list,2022-03-24 05:32:17.923712,f5bab6cca2c7edaec9e02d15
gamereactor.pl,AVAILABILITY,origin.list,origin.list,2022-03-24 05:32:20.549305,f5bab6cca2c7edaec9e02d15
gamestough.com,AVAILABILITY,origin.list,origin.list,2022-03-24 05:32:22.529261,f5bab6cca2c7edaec9e02d15
gala.pl,AVAILABILITY,origin.list,origin.list,2022-03-24 05:32:23.552241,f5bab6cca2c7edaec9e02d15
gamezilla.pl,AVAILABILITY,origin.list,origin.list,2022-03-24 05:32:29.595627,f5bab6cca2c7edaec9e02d15
gamingsociety.pl,AVAILABILITY,origin.list,origin.list,2022-03-24 05:32:31.030654,f5bab6cca2c7edaec9e02d15
genapps.pl,AVAILABILITY,origin.list,origin.list,2022-03-24 05:32:31.090093,f5bab6cca2c7edaec9e02d15
gamesfanatic.pl,AVAILABILITY,origin.list,origin.list,2022-03-24 05:32:34.761305,f5bab6cca2c7edaec9e02d15
gastrona.pl,AVAILABILITY,origin.list,origin.list,2022-03-24 05:32:36.093718,f5bab6cca2c7edaec9e02d15
ganjaskill.eu,AVAILABILITY,origin.list,origin.list,2022-03-24 05:32:36.312862,f5bab6cca2c7edaec9e02d15
gazeo.pl,AVAILABILITY,origin.list,origin.list,2022-03-24 05:32:39.531142,f5bab6cca2c7edaec9e02d15
gazeta-mlawska.pl,AVAILABILITY,origin.list,origin.list,2022-03-24 05:32:41.873615,f5bab6cca2c7edaec9e02d15
gazeta-mosina.pl,AVAILABILITY,origin.list,origin.list,2022-03-24 05:32:43.126169,f5bab6cca2c7edaec9e02d15
gazetaplus.pl,AVAILABILITY,origin.list,origin.list,2022-03-24 05:32:46.675327,f5bab6cca2c7edaec9e02d15
gazeta-wiesci.pl,AVAILABILITY,origin.list,origin.list,2022-03-24 05:32:48.262725,f5bab6cca2c7edaec9e02d15
gazetarumska.pl,AVAILABILITY,origin.list,origin.list,2022-03-24 05:32:49.685254,f5bab6cca2c7edaec9e02d15
gazetasenior.pl,AVAILABILITY,origin.list,origin.list,2022-03-24 05:32:50.201101,f5bab6cca2c7edaec9e02d15
gazeta.swiebodzin.pl,AVAILABILITY,origin.list,origin.list,2022-03-24 05:32:51.629025,f5bab6cca2c7edaec9e02d15
gazeta.pl,AVAILABILITY,origin.list,origin.list,2022-03-24 05:33:00.469355,f5bab6cca2c7edaec9e02d15
gazetacz.com.pl,AVAILABILITY,origin.list,origin.list,2022-03-24 05:33:08.868842,f5bab6cca2c7edaec9e02d15
gazetabilgoraj.pl,AVAILABILITY,origin.list,origin.list,2022-03-24 05:33:09.300076,f5bab6cca2c7edaec9e02d15
gazetagazeta.com,AVAILABILITY,origin.list,origin.list,2022-03-24 05:33:10.126421,f5bab6cca2c7edaec9e02d15
gazetaklobucka.pl,AVAILABILITY,origin.list,origin.list,2022-03-24 05:33:12.164873,f5bab6cca2c7edaec9e02d15
gazetalubliniecka.pl,AVAILABILITY,origin.list,origin.list,2022-03-24 05:33:16.691341,f5bab6cca2c7edaec9e02d15
gazetakolobrzeska.pl,AVAILABILITY,origin.list,origin.list,2022-03-24 05:33:20.273868,f5bab6cca2c7edaec9e02d15
gazetalokalna.com,AVAILABILITY,origin.list,origin.list,2022-03-24 05:33:23.789778,f5bab6cca2c7edaec9e02d15
gazeta.myslenice.pl,AVAILABILITY,origin.list,origin.list,2022-03-24 05:33:24.045776,f5bab6cca2c7edaec9e02d15
gazetamyslowicka.com,AVAILABILITY,origin.list,origin.list,2022-03-24 05:33:24.616999,f5bab6cca2c7edaec9e02d15
gazetanowodworska.com,AVAILABILITY,origin.list,origin.list,2022-03-24 05:33:24.948791,f5bab6cca2c7edaec9e02d15
gazetaostrowska.pl,AVAILABILITY,origin.list,origin.list,2022-03-24 05:33:28.257304,f5bab6cca2c7edaec9e02d15
gazetapolska.pl,AVAILABILITY,origin.list,origin.list,2022-03-24 05:33:32.887919,f5bab6cca2c7edaec9e02d15
gazetapowiatowa.pl,AVAILABILITY,origin.list,origin.list,2022-03-24 05:33:40.524399,f5bab6cca2c7edaec9e02d15
gazetaprawna.pl,AVAILABILITY,origin.list,origin.list,2022-03-24 05:33:49.031385,f5bab6cca2c7edaec9e02d15
gazetaregionalna.pl,AVAILABILITY,origin.list,origin.list,2022-03-24 05:33:52.961245,f5bab6cca2c7edaec9e02d15
gazetaspoleczna.pl,AVAILABILITY,origin.list,origin.list,2022-03-24 05:33:54.713169,f5bab6cca2c7edaec9e02d15
gazetaslupecka.pl,AVAILABILITY,origin.list,origin.list,2022-03-24 05:33:55.579799,f5bab6cca2c7edaec9e02d15
gazetatrybunalska.info,AVAILABILITY,origin.list,origin.list,2022-03-24 05:33:58.668426,f5bab6cca2c7edaec9e02d15
gazetatychy.pl,AVAILABILITY,origin.list,origin.list,2022-03-24 05:33:59.391415,f5bab6cca2c7edaec9e02d15
gazetawawerska.pl,AVAILABILITY,origin.list,origin.list,2022-03-24 05:34:01.561939,f5bab6cca2c7edaec9e02d15
gazetawroclawska.pl,AVAILABILITY,origin.list,origin.list,2022-03-24 05:34:01.701906,f5bab6cca2c7edaec9e02d15
gazetazabrze.pl,AVAILABILITY,origin.list,origin.list,2022-03-24 05:34:04.412124,f5bab6cca2c7edaec9e02d15
gazetki-promocyjne.net.pl,AVAILABILITY,origin.list,origin.list,2022-03-24 05:34:07.581740,f5bab6cca2c7edaec9e02d15
gazetazoliborza.pl,AVAILABILITY,origin.list,origin.list,2022-03-24 05:34:09.414536,f5bab6cca2c7edaec9e02d15
gazetka.be,AVAILABILITY,origin.list,origin.list,2022-03-24 05:34:12.395965,f5bab6cca2c7edaec9e02d15
gazetkonosz.pl,AVAILABILITY,origin.list,origin.list,2022-03-24 05:34:14.589591,f5bab6cca2c7edaec9e02d15
geoforum.pl,AVAILABILITY,origin.list,origin.list,2022-03-24 05:34:19.168886,f5bab6cca2c7edaec9e02d15
gexe.pl,AVAILABILITY,origin.list,origin.list,2022-03-24 05:34:23.216370,f5bab6cca2c7edaec9e02d15
gdzietymrazem.pl,AVAILABILITY,origin.list,origin.list,2022-03-24 05:34:23.894228,f5bab6cca2c7edaec9e02d15
getlevel.info,AVAILABILITY,origin.list,origin.list,2022-03-24 05:34:24.279568,f5bab6cca2c7edaec9e02d15
gf24.pl,AVAILABILITY,origin.list,origin.list,2022-03-24 05:34:28.388041,f5bab6cca2c7edaec9e02d15
gieldaigospodarka.pl,AVAILABILITY,origin.list,origin.list,2022-03-24 05:34:29.951260,f5bab6cca2c7edaec9e02d15
gismeteo.pl,AVAILABILITY,origin.list,origin.list,2022-03-24 05:34:37.729865,f5bab6cca2c7edaec9e02d15
gizycko.info.pl,AVAILABILITY,origin.list,origin.list,2022-03-24 05:34:40.451631,f5bab6cca2c7edaec9e02d15
glamrap.pl,AVAILABILITY,origin.list,origin.list,2022-03-24 05:34:41.530533,f5bab6cca2c7edaec9e02d15
glamour.pl,AVAILABILITY,origin.list,origin.list,2022-03-24 05:34:43.550304,f5bab6cca2c7edaec9e02d15
globtroter.pl,AVAILABILITY,origin.list,origin.list,2022-03-24 05:34:45.529810,f5bab6cca2c7edaec9e02d15
gloria.tv,AVAILABILITY,origin.list,origin.list,2022-03-24 05:34:49.514247,f5bab6cca2c7edaec9e02d15
glokalna.pl,AVAILABILITY,origin.list,origin.list,2022-03-24 05:34:51.033707,f5bab6cca2c7edaec9e02d15
glos.live,AVAILABILITY,origin.list,origin.list,2022-03-24 05:34:54.034148,f5bab6cca2c7edaec9e02d15
glos24.pl,AVAILABILITY,origin.list,origin.list,2022-03-24 05:34:55.704892,f5bab6cca2c7edaec9e02d15
glosgminny.pl,AVAILABILITY,origin.list,origin.list,2022-03-24 05:34:57.333367,f5bab6cca2c7edaec9e02d15
glosmordoru.pl,AVAILABILITY,origin.list,origin.list,2022-03-24 05:34:58.638456,f5bab6cca2c7edaec9e02d15
gloskoninski.pl,AVAILABILITY,origin.list,origin.list,2022-03-24 05:34:59.413387,f5bab6cca2c7edaec9e02d15
gloswielkopolski.pl,AVAILABILITY,origin.list,origin.list,2022-03-24 05:35:03.948258,f5bab6cca2c7edaec9e02d15
glospedagogiczny.pl,AVAILABILITY,origin.list,origin.list,2022-03-24 05:35:07.505566,f5bab6cca2c7edaec9e02d15
gloswroclawia.pl,AVAILABILITY,origin.list,origin.list,2022-03-24 05:35:08.008364,f5bab6cca2c7edaec9e02d15
gloszabrza24.pl,AVAILABILITY,origin.list,origin.list,2022-03-24 05:35:08.057394,f5bab6cca2c7edaec9e02d15
glucholazyonline.com.pl,AVAILABILITY,origin.list,origin.list,2022-03-24 05:35:14.628171,f5bab6cca2c7edaec9e02d15
godealla.pl,AVAILABILITY,origin.list,origin.list,2022-03-24 05:35:15.928522,f5bab6cca2c7edaec9e02d15
goldenline.pl,AVAILABILITY,origin.list,origin.list,2022-03-24 05:35:15.934273,f5bab6cca2c7edaec9e02d15
godzinyotwarcia24.pl,AVAILABILITY,origin.list,origin.list,2022-03-24 05:35:16.339747,f5bab6cca2c7edaec9e02d15
goleniowska.com,AVAILABILITY,origin.list,origin.list,2022-03-24 05:35:22.009600,f5bab6cca2c7edaec9e02d15
gomoney.pl,AVAILABILITY,origin.list,origin.list,2022-03-24 05:35:26.746538,f5bab6cca2c7edaec9e02d15
goniec.net,AVAILABILITY,origin.list,origin.list,2022-03-24 05:35:30.310309,f5bab6cca2c7edaec9e02d15
goral.info.pl,AVAILABILITY,origin.list,origin.list,2022-03-24 05:35:31.357687,f5bab6cca2c7edaec9e02d15
gorlice24.pl,AVAILABILITY,origin.list,origin.list,2022-03-24 05:35:33.029420,f5bab6cca2c7edaec9e02d15
golfnews.pl,AVAILABILITY,origin.list,origin.list,2022-03-24 05:35:33.572192,f5bab6cca2c7edaec9e02d15
goryiludzie.pl,AVAILABILITY,origin.list,origin.list,2022-03-24 05:35:34.954410,f5bab6cca2c7edaec9e02d15
gornik.zabrze.pl,AVAILABILITY,origin.list,origin.list,2022-03-24 05:35:37.190647,f5bab6cca2c7edaec9e02d15
gorzow24.pl,AVAILABILITY,origin.list,origin.list,2022-03-24 05:35:41.389493,f5bab6cca2c7edaec9e02d15
gorydlaciebie.pl,AVAILABILITY,origin.list,origin.list,2022-03-24 05:35:41.779389,f5bab6cca2c7edaec9e02d15
gorzowianin.com,AVAILABILITY,origin.list,origin.list,2022-03-24 05:35:42.437515,f5bab6cca2c7edaec9e02d15
gosc.pl,AVAILABILITY,origin.list,origin.list,2022-03-24 05:35:49.930205,f5bab6cca2c7edaec9e02d15
gostynin.info,AVAILABILITY,origin.list,origin.list,2022-03-24 05:35:50.687646,f5bab6cca2c7edaec9e02d15
gostynin24.pl,AVAILABILITY,origin.list,origin.list,2022-03-24 05:35:57.168218,f5bab6cca2c7edaec9e02d15
gospodarkapodkarpacka.pl,AVAILABILITY,origin.list,origin.list,2022-03-24 05:35:57.532999,f5bab6cca2c7edaec9e02d15
gorliczanin.pl,AVAILABILITY,origin.list,origin.list,2022-03-24 05:35:58.842296,f5bab6cca2c7edaec9e02d15
gostynska.pl,AVAILABILITY,origin.list,origin.list,2022-03-24 05:35:58.987846,f5bab6cca2c7edaec9e02d15
gotujmy.pl,AVAILABILITY,origin.list,origin.list,2022-03-24 05:36:00.403229,f5bab6cca2c7edaec9e02d15
gotujzmaka.blogspot.com,AVAILABILITY,origin.list,origin.list,2022-03-24 05:36:03.857959,f5bab6cca2c7edaec9e02d15
gowork.pl,AVAILABILITY,origin.list,origin.list,2022-03-24 05:36:06.126347,f5bab6cca2c7edaec9e02d15
gp24.pl,AVAILABILITY,origin.list,origin.list,2022-03-24 05:36:10.954129,f5bab6cca2c7edaec9e02d15
gpcodziennie.pl,AVAILABILITY,origin.list,origin.list,2022-03-24 05:36:13.791379,f5bab6cca2c7edaec9e02d15
gpd24.pl,AVAILABILITY,origin.list,origin.list,2022-03-24 05:36:15.926509,f5bab6cca2c7edaec9e02d15
gpr24.pl,AVAILABILITY,origin.list,origin.list,2022-03-24 05:36:22.358530,f5bab6cca2c7edaec9e02d15
grafoteka.pl,AVAILABILITY,origin.list,origin.list,2022-03-24 05:36:22.713173,f5bab6cca2c7edaec9e02d15
grajteraz.pl,AVAILABILITY,origin.list,origin.list,2022-03-24 05:36:24.386348,f5bab6cca2c7edaec9e02d15
grafmag.pl,AVAILABILITY,origin.list,origin.list,2022-03-24 05:36:26.044362,f5bab6cca2c7edaec9e02d15
gram.pl,AVAILABILITY,origin.list,origin.list,2022-03-24 05:36:32.698183,f5bab6cca2c7edaec9e02d15
gramwzielone.pl,AVAILABILITY,origin.list,origin.list,2022-03-24 05:36:33.753479,f5bab6cca2c7edaec9e02d15
gramynawynos.pl,AVAILABILITY,origin.list,origin.list,2022-03-24 05:36:39.744989,f5bab6cca2c7edaec9e02d15
granicenauki.pl,AVAILABILITY,origin.list,origin.list,2022-03-24 05:36:44.796947,f5bab6cca2c7edaec9e02d15
grapplerinfo.pl,AVAILABILITY,origin.list,origin.list,2022-03-24 05:36:45.706280,f5bab6cca2c7edaec9e02d15
gratka.pl,AVAILABILITY,origin.list,origin.list,2022-03-24 05:36:48.397447,f5bab6cca2c7edaec9e02d15
grojeckie24.pl,AVAILABILITY,origin.list,origin.list,2022-03-24 05:36:51.753950,f5bab6cca2c7edaec9e02d15
grojec24.net,AVAILABILITY,origin.list,origin.list,2022-03-24 05:36:53.488417,f5bab6cca2c7edaec9e02d15
grodzisknews.pl,AVAILABILITY,origin.list,origin.list,2022-03-24 05:36:53.737684,f5bab6cca2c7edaec9e02d15
groupon.pl,AVAILABILITY,origin.list,origin.list,2022-03-24 05:36:55.330821,f5bab6cca2c7edaec9e02d15
gry-online.pl,AVAILABILITY,origin.list,origin.list,2022-03-24 05:37:02.309195,f5bab6cca2c7edaec9e02d15
gry-online.poszkole.pl,AVAILABILITY,origin.list,origin.list,2022-03-24 05:37:02.899798,f5bab6cca2c7edaec9e02d15
grydladzieci.pl,AVAILABILITY,origin.list,origin.list,2022-03-24 05:37:11.361563,f5bab6cca2c7edaec9e02d15
gry.misiakowo.pl,AVAILABILITY,origin.list,origin.list,2022-03-24 05:37:12.575821,f5bab6cca2c7edaec9e02d15
grydladzieci.biz.pl,AVAILABILITY,origin.list,origin.list,2022-03-24 05:37:14.619962,f5bab6cca2c7edaec9e02d15
grylogiczne.biz.pl,AVAILABILITY,origin.list,origin.list,2022-03-24 05:37:20.834026,f5bab6cca2c7edaec9e02d15
gsmmaniak.pl,AVAILABILITY,origin.list,origin.list,2022-03-24 05:37:20.897624,f5bab6cca2c7edaec9e02d15
gsim.pl,AVAILABILITY,origin.list,origin.list,2022-03-24 05:37:21.183602,f5bab6cca2c7edaec9e02d15
gtaforum.pl,AVAILABILITY,origin.list,origin.list,2022-03-24 05:37:25.550867,f5bab6cca2c7edaec9e02d15
gsmservice.pl,AVAILABILITY,origin.list,origin.list,2022-03-24 05:37:28.288361,f5bab6cca2c7edaec9e02d15
gwarek.com.pl,AVAILABILITY,origin.list,origin.list,2022-03-24 05:37:29.980107,f5bab6cca2c7edaec9e02d15
gwarminska.pl,AVAILABILITY,origin.list,origin.list,2022-03-24 05:37:31.312839,f5bab6cca2c7edaec9e02d15
gwe24.pl,AVAILABILITY,origin.list,origin.list,2022-03-24 05:37:34.109226,f5bab6cca2c7edaec9e02d15
gwiazdor.pl,AVAILABILITY,origin.list,origin.list,2022-03-24 05:37:35.150840,f5bab6cca2c7edaec9e02d15
gwiazdybasketu.pl,AVAILABILITY,origin.list,origin.list,2022-03-24 05:37:36.860613,f5bab6cca2c7edaec9e02d15
gwint24.pl,AVAILABILITY,origin.list,origin.list,2022-03-24 05:37:39.642166,f5bab6cca2c7edaec9e02d15
gwo24.pl,AVAILABILITY,origin.list,origin.list,2022-03-24 05:37:43.058128,f5bab6cca2c7edaec9e02d15
hack.pl,AVAILABILITY,origin.list,origin.list,2022-03-24 05:37:44.863801,f5bab6cca2c7edaec9e02d15
halamadrid.pl,AVAILABILITY,origin.list,origin.list,2022-03-24 05:37:47.646164,f5bab6cca2c7edaec9e02d15
halogorlice.info,AVAILABILITY,origin.list,origin.list,2022-03-24 05:37:55.026029,f5bab6cca2c7edaec9e02d15
haloursynow.pl,AVAILABILITY,origin.list,origin.list,2022-03-24 05:37:58.239213,f5bab6cca2c7edaec9e02d15
hd-opinie.pl,AVAILABILITY,origin.list,origin.list,2022-03-24 05:38:00.052864,f5bab6cca2c7edaec9e02d15
handballnews.pl,AVAILABILITY,origin.list,origin.list,2022-03-24 05:38:04.443461,f5bab6cca2c7edaec9e02d15
hdtv.com.pl,AVAILABILITY,origin.list,origin.list,2022-03-24 05:38:07.477152,f5bab6cca2c7edaec9e02d15
hebe.pl,AVAILABILITY,origin.list,origin.list,2022-03-24 05:38:10.234070,f5bab6cca2c7edaec9e02d15
herozerogame.com,AVAILABILITY,origin.list,origin.list,2022-03-24 05:38:11.802010,f5bab6cca2c7edaec9e02d15
hej.mielec.pl,AVAILABILITY,origin.list,origin.list,2022-03-24 05:38:13.776961,f5bab6cca2c7edaec9e02d15
hi-fi.com.pl,AVAILABILITY,origin.list,origin.list,2022-03-24 05:38:18.197438,f5bab6cca2c7edaec9e02d15
hifi.pl,AVAILABILITY,origin.list,origin.list,2022-03-24 05:38:20.227862,f5bab6cca2c7edaec9e02d15
heynet.pl,AVAILABILITY,origin.list,origin.list,2022-03-24 05:38:20.374934,f5bab6cca2c7edaec9e02d15
hip-hop.pl,AVAILABILITY,origin.list,origin.list,2022-03-24 05:38:25.366471,f5bab6cca2c7edaec9e02d15
hij.com.pl,AVAILABILITY,origin.list,origin.list,2022-03-24 05:38:29.032414,f5bab6cca2c7edaec9e02d15
histmag.org,AVAILABILITY,origin.list,origin.list,2022-03-24 05:38:33.096181,f5bab6cca2c7edaec9e02d15
historia.org.pl,AVAILABILITY,origin.list,origin.list,2022-03-24 05:38:37.634062,f5bab6cca2c7edaec9e02d15
hiperogloszenia.pl,AVAILABILITY,origin.list,origin.list,2022-03-24 05:38:37.918309,f5bab6cca2c7edaec9e02d15
hoga.pl,AVAILABILITY,origin.list,origin.list,2022-03-24 05:38:46.271551,f5bab6cca2c7edaec9e02d15
historyk.eu,AVAILABILITY,origin.list,origin.list,2022-03-24 05:38:46.560745,f5bab6cca2c7edaec9e02d15
hobby.pl,AVAILABILITY,origin.list,origin.list,2022-03-24 05:38:48.831916,f5bab6cca2c7edaec9e02d15
holenderskiskun.pl,AVAILABILITY,origin.list,origin.list,2022-03-24 05:38:53.461288,f5bab6cca2c7edaec9e02d15
holidaycheck.pl,AVAILABILITY,origin.list,origin.list,2022-03-24 05:38:56.234788,f5bab6cca2c7edaec9e02d15
hokej.net,AVAILABILITY,origin.list,origin.list,2022-03-24 05:39:00.847608,f5bab6cca2c7edaec9e02d15
homebook.pl,AVAILABILITY,origin.list,origin.list,2022-03-24 05:39:04.446042,f5bab6cca2c7edaec9e02d15
horecabc.pl,AVAILABILITY,origin.list,origin.list,2022-03-24 05:39:07.880458,f5bab6cca2c7edaec9e02d15
hopaj.pl,AVAILABILITY,origin.list,origin.list,2022-03-24 05:39:08.467712,f5bab6cca2c7edaec9e02d15
hotfix.pl,AVAILABILITY,origin.list,origin.list,2022-03-24 05:39:11.452191,f5bab6cca2c7edaec9e02d15
housemarket.pl,AVAILABILITY,origin.list,origin.list,2022-03-24 05:39:12.410943,f5bab6cca2c7edaec9e02d15
hqq.tv,AVAILABILITY,origin.list,origin.list,2022-03-24 05:39:12.559866,f5bab6cca2c7edaec9e02d15
hyipforum.pl,AVAILABILITY,origin.list,origin.list,2022-03-24 05:39:18.669417,f5bab6cca2c7edaec9e02d15
hqsite.org,AVAILABILITY,origin.list,origin.list,2022-03-24 05:39:21.044605,f5bab6cca2c7edaec9e02d15
hmt.pl,AVAILABILITY,origin.list,origin.list,2022-03-24 05:39:22.108422,f5bab6cca2c7edaec9e02d15
iautomatyka.pl,AVAILABILITY,origin.list,origin.list,2022-03-24 05:39:22.504142,f5bab6cca2c7edaec9e02d15
hyperreal.info,AVAILABILITY,origin.list,origin.list,2022-03-24 05:39:25.730278,f5bab6cca2c7edaec9e02d15
icelandnews.is,AVAILABILITY,origin.list,origin.list,2022-03-24 05:39:27.660857,f5bab6cca2c7edaec9e02d15
ideagrafika.pl,AVAILABILITY,origin.list,origin.list,2022-03-24 05:39:30.904831,f5bab6cca2c7edaec9e02d15
ibielany.pl,AVAILABILITY,origin.list,origin.list,2022-03-24 05:39:31.102177,f5bab6cca2c7edaec9e02d15
id-24.pl,AVAILABILITY,origin.list,origin.list,2022-03-24 05:39:31.170358,f5bab6cca2c7edaec9e02d15
ideas2action.pl,AVAILABILITY,origin.list,origin.list,2022-03-24 05:39:36.022403,f5bab6cca2c7edaec9e02d15
infosokolka.pl,AVAILABILITY,origin.list,origin.list,2022-03-24 05:39:38.045437,f5bab6cca2c7edaec9e02d15
infokrakow24.pl,AVAILABILITY,origin.list,origin.list,2022-03-24 05:39:41.208678,f5bab6cca2c7edaec9e02d15
ifrancja.fr,AVAILABILITY,origin.list,origin.list,2022-03-24 05:39:42.218041,f5bab6cca2c7edaec9e02d15
igrit.pl,AVAILABILITY,origin.list,origin.list,2022-03-24 05:39:48.719217,f5bab6cca2c7edaec9e02d15
ilovenysa.pl,AVAILABILITY,origin.list,origin.list,2022-03-24 05:39:55.268460,f5bab6cca2c7edaec9e02d15
ikamien.pl,AVAILABILITY,origin.list,origin.list,2022-03-24 05:39:56.774378,f5bab6cca2c7edaec9e02d15
imagazine.pl,AVAILABILITY,origin.list,origin.list,2022-03-24 05:40:05.409077,f5bab6cca2c7edaec9e02d15
ikrotoszyn.pl,AVAILABILITY,origin.list,origin.list,2022-03-24 05:40:06.703454,f5bab6cca2c7edaec9e02d15
iknurow.pl,AVAILABILITY,origin.list,origin.list,2022-03-24 05:40:10.040403,f5bab6cca2c7edaec9e02d15
imokotow.pl,AVAILABILITY,origin.list,origin.list,2022-03-24 05:40:15.392777,f5bab6cca2c7edaec9e02d15
indeed.com,AVAILABILITY,origin.list,origin.list,2022-03-24 05:40:15.645786,f5bab6cca2c7edaec9e02d15
imperiumromanum.pl,AVAILABILITY,origin.list,origin.list,2022-03-24 05:40:18.013542,f5bab6cca2c7edaec9e02d15
info112.pl,AVAILABILITY,origin.list,origin.list,2022-03-24 05:40:18.293659,f5bab6cca2c7edaec9e02d15
infobeskidy.eu,AVAILABILITY,origin.list,origin.list,2022-03-24 05:40:25.305972,f5bab6cca2c7edaec9e02d15
info.elblag.pl,AVAILABILITY,origin.list,origin.list,2022-03-24 05:40:27.359641,f5bab6cca2c7edaec9e02d15
infogazeta.pl,AVAILABILITY,origin.list,origin.list,2022-03-24 05:40:27.423784,f5bab6cca2c7edaec9e02d15
infogliwice.pl,AVAILABILITY,origin.list,origin.list,2022-03-24 05:40:34.973273,f5bab6cca2c7edaec9e02d15
infoilawa.pl,AVAILABILITY,origin.list,origin.list,2022-03-24 05:40:36.545915,f5bab6cca2c7edaec9e02d15
infokatowice.pl,AVAILABILITY,origin.list,origin.list,2022-03-24 05:40:41.035586,f5bab6cca2c7edaec9e02d15
info-ketrzyn24.pl,AVAILABILITY,origin.list,origin.list,2022-03-24 05:40:44.513757,f5bab6cca2c7edaec9e02d15
infokonin.pl,AVAILABILITY,origin.list,origin.list,2022-03-24 05:40:46.031772,f5bab6cca2c7edaec9e02d15
infoludek.pl,AVAILABILITY,origin.list,origin.list,2022-03-24 05:40:48.349705,f5bab6cca2c7edaec9e02d15
infolwowek24.pl,AVAILABILITY,origin.list,origin.list,2022-03-24 05:40:49.804810,f5bab6cca2c7edaec9e02d15
infopodkarpacie.pl,AVAILABILITY,origin.list,origin.list,2022-03-24 05:40:56.548343,f5bab6cca2c7edaec9e02d15
informacja.wroclaw.pl,AVAILABILITY,origin.list,origin.list,2022-03-24 05:41:02.060159,f5bab6cca2c7edaec9e02d15
informatorbrzeski.pl,AVAILABILITY,origin.list,origin.list,2022-03-24 05:41:05.303986,f5bab6cca2c7edaec9e02d15
informator-stolicy.pl,AVAILABILITY,origin.list,origin.list,2022-03-24 05:41:05.573216,f5bab6cca2c7edaec9e02d15
infoserwiselk.pl,AVAILABILITY,origin.list,origin.list,2022-03-24 05:41:10.882738,f5bab6cca2c7edaec9e02d15
infoprzasnysz.com,AVAILABILITY,origin.list,origin.list,2022-03-24 05:41:11.926040,f5bab6cca2c7edaec9e02d15
infoskierniewice.pl,AVAILABILITY,origin.list,origin.list,2022-03-24 05:41:12.187049,f5bab6cca2c7edaec9e02d15
innemedium.pl,AVAILABILITY,origin.list,origin.list,2022-03-24 05:41:15.170095,f5bab6cca2c7edaec9e02d15
innpoland.pl,AVAILABILITY,origin.list,origin.list,2022-03-24 05:41:19.698314,f5bab6cca2c7edaec9e02d15
inpost.pl,AVAILABILITY,origin.list,origin.list,2022-03-24 05:41:22.755033,f5bab6cca2c7edaec9e02d15
inowroclaw.info.pl,AVAILABILITY,origin.list,origin.list,2022-03-24 05:41:23.185581,f5bab6cca2c7edaec9e02d15
instalacjebudowlane.pl,AVAILABILITY,origin.list,origin.list,2022-03-24 05:41:28.632701,f5bab6cca2c7edaec9e02d15
instalki.pl,AVAILABILITY,origin.list,origin.list,2022-03-24 05:41:35.064993,f5bab6cca2c7edaec9e02d15
instrukcja.pl,AVAILABILITY,origin.list,origin.list,2022-03-24 05:41:38.474278,f5bab6cca2c7edaec9e02d15
interia.pl,AVAILABILITY,origin.list,origin.list,2022-03-24 05:41:48.685990,f5bab6cca2c7edaec9e02d15
interpretacje-podatkowe.org,AVAILABILITY,origin.list,origin.list,2022-03-24 05:41:49.239945,f5bab6cca2c7edaec9e02d15
interia.tv,AVAILABILITY,origin.list,origin.list,2022-03-24 05:41:51.247613,f5bab6cca2c7edaec9e02d15
inthecage.pl,AVAILABILITY,origin.list,origin.list,2022-03-24 05:41:55.945773,f5bab6cca2c7edaec9e02d15
investmap.pl,AVAILABILITY,origin.list,origin.list,2022-03-24 05:42:00.345949,f5bab6cca2c7edaec9e02d15
inwestycje.pl,AVAILABILITY,origin.list,origin.list,2022-03-24 05:42:01.082672,f5bab6cca2c7edaec9e02d15
iotwock.info,AVAILABILITY,origin.list,origin.list,2022-03-24 05:42:07.731029,f5bab6cca2c7edaec9e02d15
ipon.pl,AVAILABILITY,origin.list,origin.list,2022-03-24 05:42:13.508629,f5bab6cca2c7edaec9e02d15
ipolska24.pl,AVAILABILITY,origin.list,origin.list,2022-03-24 05:42:13.511999,f5bab6cca2c7edaec9e02d15
ironmangdynia.pl,AVAILABILITY,origin.list,origin.list,2022-03-24 05:42:22.113136,f5bab6cca2c7edaec9e02d15
irenakuczynska.pl,AVAILABILITY,origin.list,origin.list,2022-03-24 05:42:24.838249,f5bab6cca2c7edaec9e02d15
isanok.pl,AVAILABILITY,origin.list,origin.list,2022-03-24 05:42:29.526961,f5bab6cca2c7edaec9e02d15
iswinoujscie.pl,AVAILABILITY,origin.list,origin.list,2022-03-24 05:42:31.892023,f5bab6cca2c7edaec9e02d15
isbzdrowie.pl,AVAILABILITY,origin.list,origin.list,2022-03-24 05:42:32.587774,f5bab6cca2c7edaec9e02d15
ising.pl,AVAILABILITY,origin.list,origin.list,2022-03-24 05:42:34.368965,f5bab6cca2c7edaec9e02d15
iszczecinek.pl,AVAILABILITY,origin.list,origin.list,2022-03-24 05:42:37.844038,f5bab6cca2c7edaec9e02d15
itbiznes.pl,AVAILABILITY,origin.list,origin.list,2022-03-24 05:42:39.605709,f5bab6cca2c7edaec9e02d15
it.tarnow.pl,AVAILABILITY,origin.list,origin.list,2022-03-24 05:42:43.299659,f5bab6cca2c7edaec9e02d15
itporady.pl,AVAILABILITY,origin.list,origin.list,2022-03-24 05:42:48.764631,f5bab6cca2c7edaec9e02d15
ittechblog.pl,AVAILABILITY,origin.list,origin.list,2022-03-24 05:42:50.308424,f5bab6cca2c7edaec9e02d15
itreseller.pl,AVAILABILITY,origin.list,origin.list,2022-03-24 05:42:55.009163,f5bab6cca2c7edaec9e02d15
itv24.com.pl,AVAILABILITY,origin.list,origin.list,2022-03-24 05:43:04.612350,f5bab6cca2c7edaec9e02d15
itvpiaseczno.pl,AVAILABILITY,origin.list,origin.list,2022-03-24 05:43:04.890209,f5bab6cca2c7edaec9e02d15
iturek.net,AVAILABILITY,origin.list,origin.list,2022-03-24 05:43:07.572529,f5bab6cca2c7edaec9e02d15
itvpolska.pl,AVAILABILITY,origin.list,origin.list,2022-03-24 05:43:13.049895,f5bab6cca2c7edaec9e02d15
"iwonka-bloguje.blogspot.com,kathyleonia88.blogspot.com",AVAILABILITY,origin.list,origin.list,2022-03-24 05:43:18.952269,f5bab6cca2c7edaec9e02d15
itvwisla.tv,AVAILABILITY,origin.list,origin.list,2022-03-24 05:43:19.294121,f5bab6cca2c7edaec9e02d15
jarock.pl,AVAILABILITY,origin.list,origin.list,2022-03-24 05:43:20.373810,f5bab6cca2c7edaec9e02d15
jablonka.info,AVAILABILITY,origin.list,origin.list,2022-03-24 05:43:37.773450,f5bab6cca2c7edaec9e02d15
jacus.pl,AVAILABILITY,origin.list,origin.list,2022-03-24 05:43:42.930369,f5bab6cca2c7edaec9e02d15
jadarhobby.pl,AVAILABILITY,origin.list,origin.list,2022-03-24 05:43:44.535765,f5bab6cca2c7edaec9e02d15
jadlonomia.com,AVAILABILITY,origin.list,origin.list,2022-03-24 05:43:44.775367,f5bab6cca2c7edaec9e02d15
jagiellonia.net,AVAILABILITY,origin.list,origin.list,2022-03-24 05:43:49.024591,f5bab6cca2c7edaec9e02d15
jaka-komorka.pl,AVAILABILITY,origin.list,origin.list,2022-03-24 05:43:49.169610,f5bab6cca2c7edaec9e02d15
jagodnik.pl,AVAILABILITY,origin.list,origin.list,2022-03-24 05:43:51.951430,f5bab6cca2c7edaec9e02d15
jakdojade.pl,AVAILABILITY,origin.list,origin.list,2022-03-24 05:43:56.574232,f5bab6cca2c7edaec9e02d15
jarocinska.pl,AVAILABILITY,origin.list,origin.list,2022-03-24 05:43:58.324963,f5bab6cca2c7edaec9e02d15
jakodzyskacpieniadze.pl,AVAILABILITY,origin.list,origin.list,2022-03-24 05:43:59.048574,f5bab6cca2c7edaec9e02d15
jarmark.com.pl,AVAILABILITY,origin.list,origin.list,2022-03-24 05:44:02.551791,f5bab6cca2c7edaec9e02d15
jarzebski.pl,AVAILABILITY,origin.list,origin.list,2022-03-24 05:44:05.011430,f5bab6cca2c7edaec9e02d15
jasnet.pl,AVAILABILITY,origin.list,origin.list,2022-03-24 05:44:12.761392,f5bab6cca2c7edaec9e02d15
jaw.pl,AVAILABILITY,origin.list,origin.list,2022-03-24 05:44:17.182989,f5bab6cca2c7edaec9e02d15
jazzsoul.pl,AVAILABILITY,origin.list,origin.list,2022-03-24 05:44:25.953955,f5bab6cca2c7edaec9e02d15
jawor24h.pl,AVAILABILITY,origin.list,origin.list,2022-03-24 05:44:26.139861,f5bab6cca2c7edaec9e02d15
jazdaprawna.pl,AVAILABILITY,origin.list,origin.list,2022-03-24 05:44:29.884484,f5bab6cca2c7edaec9e02d15
jbzdy.com.pl,AVAILABILITY,origin.list,origin.list,2022-03-24 05:44:30.665736,f5bab6cca2c7edaec9e02d15
jdtech.pl,AVAILABILITY,origin.list,origin.list,2022-03-24 05:44:37.893922,f5bab6cca2c7edaec9e02d15
jednoslad.pl,AVAILABILITY,origin.list,origin.list,2022-03-24 05:44:39.893661,f5bab6cca2c7edaec9e02d15
jedrzejowska.net,AVAILABILITY,origin.list,origin.list,2022-03-24 05:44:45.964467,f5bab6cca2c7edaec9e02d15
jelonka.com,AVAILABILITY,origin.list,origin.list,2022-03-24 05:44:54.544841,f5bab6cca2c7edaec9e02d15
jobs.pl,AVAILABILITY,origin.list,origin.list,2022-03-24 05:44:57.030112,f5bab6cca2c7edaec9e02d15
joemonster.org,AVAILABILITY,origin.list,origin.list,2022-03-24 05:44:58.151491,f5bab6cca2c7edaec9e02d15
jysk.promoceny.pl,AVAILABILITY,origin.list,origin.list,2022-03-24 05:45:06.896123,f5bab6cca2c7edaec9e02d15
kalendarzswiatnietypowych.pl,AVAILABILITY,origin.list,origin.list,2022-03-24 05:45:07.313773,f5bab6cca2c7edaec9e02d15
juvepoland.com,AVAILABILITY,origin.list,origin.list,2022-03-24 05:45:07.779063,f5bab6cca2c7edaec9e02d15
kalisz24.info.pl,AVAILABILITY,origin.list,origin.list,2022-03-24 05:45:08.173281,f5bab6cca2c7edaec9e02d15
kalwaria24.pl,AVAILABILITY,origin.list,origin.list,2022-03-24 05:45:11.324125,f5bab6cca2c7edaec9e02d15
kardiolo.pl,AVAILABILITY,origin.list,origin.list,2022-03-24 05:45:16.537202,f5bab6cca2c7edaec9e02d15
kamienskie.info,AVAILABILITY,origin.list,origin.list,2022-03-24 05:45:16.886559,f5bab6cca2c7edaec9e02d15
kanal10.pl,AVAILABILITY,origin.list,origin.list,2022-03-24 05:45:17.016172,f5bab6cca2c7edaec9e02d15
kantorbitcoin.pl,AVAILABILITY,origin.list,origin.list,2022-03-24 05:45:19.913139,f5bab6cca2c7edaec9e02d15
kartuzy.info,AVAILABILITY,origin.list,origin.list,2022-03-24 05:45:24.046666,f5bab6cca2c7edaec9e02d15
karnickie.info,AVAILABILITY,origin.list,origin.list,2022-03-24 05:45:26.262545,f5bab6cca2c7edaec9e02d15
karmopedia.pl,AVAILABILITY,origin.list,origin.list,2022-03-24 05:45:28.399391,f5bab6cca2c7edaec9e02d15
kaszuby24.pl,AVAILABILITY,origin.list,origin.list,2022-03-24 05:45:29.423384,f5bab6cca2c7edaec9e02d15
karmnik.tv,AVAILABILITY,origin.list,origin.list,2022-03-24 05:45:31.316643,f5bab6cca2c7edaec9e02d15
katowice24.info,AVAILABILITY,origin.list,origin.list,2022-03-24 05:45:33.586609,f5bab6cca2c7edaec9e02d15
katalogsmakow.pl,AVAILABILITY,origin.list,origin.list,2022-03-24 05:45:34.108321,f5bab6cca2c7edaec9e02d15
kawerna.pl,AVAILABILITY,origin.list,origin.list,2022-03-24 05:45:41.820605,f5bab6cca2c7edaec9e02d15
katowicedzis.pl,AVAILABILITY,origin.list,origin.list,2022-03-24 05:45:42.704901,f5bab6cca2c7edaec9e02d15
kcynia.info,AVAILABILITY,origin.list,origin.list,2022-03-24 05:45:42.939590,f5bab6cca2c7edaec9e02d15
kb.pl,AVAILABILITY,origin.list,origin.list,2022-03-24 05:45:42.970883,f5bab6cca2c7edaec9e02d15
ki24.info,AVAILABILITY,origin.list,origin.list,2022-03-24 05:45:51.204127,f5bab6cca2c7edaec9e02d15
kibice.net,AVAILABILITY,origin.list,origin.list,2022-03-24 05:45:51.236326,f5bab6cca2c7edaec9e02d15
kiep.pl,AVAILABILITY,origin.list,origin.list,2022-03-24 05:45:52.865515,f5bab6cca2c7edaec9e02d15
kei.pl,AVAILABILITY,origin.list,origin.list,2022-03-24 05:45:53.320089,f5bab6cca2c7edaec9e02d15
kino-iskra.pl,AVAILABILITY,origin.list,origin.list,2022-03-24 05:45:57.965032,f5bab6cca2c7edaec9e02d15
kinonet.pl,AVAILABILITY,origin.list,origin.list,2022-03-24 05:46:00.181229,f5bab6cca2c7edaec9e02d15
kierunekchorwacja.pl,AVAILABILITY,origin.list,origin.list,2022-03-24 05:46:00.977172,f5bab6cca2c7edaec9e02d15
kk24.pl,AVAILABILITY,origin.list,origin.list,2022-03-24 05:46:07.219743,f5bab6cca2c7edaec9e02d15
kkozle.pl,AVAILABILITY,origin.list,origin.list,2022-03-24 05:46:09.755422,f5bab6cca2c7edaec9e02d15
kkslech.com,AVAILABILITY,origin.list,origin.list,2022-03-24 05:46:09.897904,f5bab6cca2c7edaec9e02d15
klassikauto.pl,AVAILABILITY,origin.list,origin.list,2022-03-24 05:46:11.743121,f5bab6cca2c7edaec9e02d15
klikplej.pl,AVAILABILITY,origin.list,origin.list,2022-03-24 05:46:17.430514,f5bab6cca2c7edaec9e02d15
kliknijwzdrowie.pl,AVAILABILITY,origin.list,origin.list,2022-03-24 05:46:17.533014,f5bab6cca2c7edaec9e02d15
klin-tv.pl,AVAILABILITY,origin.list,origin.list,2022-03-24 05:46:17.749501,f5bab6cca2c7edaec9e02d15
klubowa.pl,AVAILABILITY,origin.list,origin.list,2022-03-24 05:46:24.480643,f5bab6cca2c7edaec9e02d15
kobieta.pl,AVAILABILITY,origin.list,origin.list,2022-03-24 05:46:25.743648,f5bab6cca2c7edaec9e02d15
kobieta.onet.pl,AVAILABILITY,origin.list,origin.list,2022-03-24 05:46:25.885369,f5bab6cca2c7edaec9e02d15
kobieta.interia.pl,AVAILABILITY,origin.list,origin.list,2022-03-24 05:46:26.681024,f5bab6cca2c7edaec9e02d15
kobietaxl.pl,AVAILABILITY,origin.list,origin.list,2022-03-24 05:46:28.235895,f5bab6cca2c7edaec9e02d15
kobiety-kobietom.com,AVAILABILITY,origin.list,origin.list,2022-03-24 05:46:31.671722,f5bab6cca2c7edaec9e02d15
kocham.wielun.pl,AVAILABILITY,origin.list,origin.list,2022-03-24 05:46:34.837369,f5bab6cca2c7edaec9e02d15
kodiwpigulce.pl,AVAILABILITY,origin.list,origin.list,2022-03-24 05:46:36.184885,f5bab6cca2c7edaec9e02d15
komorkomat.pl,AVAILABILITY,origin.list,origin.list,2022-03-24 05:46:40.011800,f5bab6cca2c7edaec9e02d15
komputerowapasja.pl,AVAILABILITY,origin.list,origin.list,2022-03-24 05:46:42.035192,f5bab6cca2c7edaec9e02d15
komputery-pc.info,AVAILABILITY,origin.list,origin.list,2022-03-24 05:46:49.880216,f5bab6cca2c7edaec9e02d15
komputerswiat.pl,AVAILABILITY,origin.list,origin.list,2022-03-24 05:46:50.297088,f5bab6cca2c7edaec9e02d15
koncertomania.pl,AVAILABILITY,origin.list,origin.list,2022-03-24 05:46:54.776704,f5bab6cca2c7edaec9e02d15
konecki24.pl,AVAILABILITY,origin.list,origin.list,2022-03-24 05:46:57.750058,f5bab6cca2c7edaec9e02d15
konflikty.pl,AVAILABILITY,origin.list,origin.list,2022-03-24 05:46:59.676233,f5bab6cca2c7edaec9e02d15
konin24.info,AVAILABILITY,origin.list,origin.list,2022-03-24 05:47:01.617452,f5bab6cca2c7edaec9e02d15
kopalniawiedzy.pl,AVAILABILITY,origin.list,origin.list,2022-03-24 05:47:06.513510,f5bab6cca2c7edaec9e02d15
korso24.pl,AVAILABILITY,origin.list,origin.list,2022-03-24 05:47:09.706482,f5bab6cca2c7edaec9e02d15
konindzieciom.pl,AVAILABILITY,origin.list,origin.list,2022-03-24 05:47:10.171816,f5bab6cca2c7edaec9e02d15
korkosfera.pl,AVAILABILITY,origin.list,origin.list,2022-03-24 05:47:12.977770,f5bab6cca2c7edaec9e02d15
korsokolbuszowskie.pl,AVAILABILITY,origin.list,origin.list,2022-03-24 05:47:14.617541,f5bab6cca2c7edaec9e02d15
koscian.net,AVAILABILITY,origin.list,origin.list,2022-03-24 05:47:14.773352,f5bab6cca2c7edaec9e02d15
kosmetykaaut.pl,AVAILABILITY,origin.list,origin.list,2022-03-24 05:47:16.533421,f5bab6cca2c7edaec9e02d15
koscierski.info,AVAILABILITY,origin.list,origin.list,2022-03-24 05:47:17.412496,f5bab6cca2c7edaec9e02d15
kronikamontrealska.com,AVAILABILITY,origin.list,origin.list,2022-03-24 05:47:19.462739,f5bab6cca2c7edaec9e02d15
krytykapolityczna.pl,AVAILABILITY,origin.list,origin.list,2022-03-24 05:47:20.907013,f5bab6cca2c7edaec9e02d15
kryptoporadnik.pl,AVAILABILITY,origin.list,origin.list,2022-03-24 05:47:21.931260,f5bab6cca2c7edaec9e02d15
kozienice24.pl,AVAILABILITY,origin.list,origin.list,2022-03-24 05:47:27.164419,f5bab6cca2c7edaec9e02d15
kraj24.pl,AVAILABILITY,origin.list,origin.list,2022-03-24 05:47:28.842148,f5bab6cca2c7edaec9e02d15
kozaczek.pl,AVAILABILITY,origin.list,origin.list,2022-03-24 05:47:33.026057,f5bab6cca2c7edaec9e02d15
krdp.fm,AVAILABILITY,origin.list,origin.list,2022-03-24 05:47:34.149036,f5bab6cca2c7edaec9e02d15
kramik.pl,AVAILABILITY,origin.list,origin.list,2022-03-24 05:47:34.517700,f5bab6cca2c7edaec9e02d15
kreskoweczki.pl,AVAILABILITY,origin.list,origin.list,2022-03-24 05:47:38.979705,f5bab6cca2c7edaec9e02d15
kreskowki.tv,AVAILABILITY,origin.list,origin.list,2022-03-24 05:47:39.142204,f5bab6cca2c7edaec9e02d15
kresy.pl,AVAILABILITY,origin.list,origin.list,2022-03-24 05:47:41.511374,f5bab6cca2c7edaec9e02d15
krosno112.pl,AVAILABILITY,origin.list,origin.list,2022-03-24 05:47:46.050753,f5bab6cca2c7edaec9e02d15
krknews.pl,AVAILABILITY,origin.list,origin.list,2022-03-24 05:47:46.828822,f5bab6cca2c7edaec9e02d15
krotoszynska.pl,AVAILABILITY,origin.list,origin.list,2022-03-24 05:47:47.748824,f5bab6cca2c7edaec9e02d15
krosno24.pl,AVAILABILITY,origin.list,origin.list,2022-03-24 05:47:48.333069,f5bab6cca2c7edaec9e02d15
krs-pobierz.pl,AVAILABILITY,origin.list,origin.list,2022-03-24 05:47:50.772078,f5bab6cca2c7edaec9e02d15
krs-online.com.pl,AVAILABILITY,origin.list,origin.list,2022-03-24 05:47:52.834049,f5bab6cca2c7edaec9e02d15
krzesla-biurowe.pl,AVAILABILITY,origin.list,origin.list,2022-03-24 05:47:54.424625,f5bab6cca2c7edaec9e02d15
kryptoholik.pl,AVAILABILITY,origin.list,origin.list,2022-03-24 05:47:57.429331,f5bab6cca2c7edaec9e02d15
ktomalek.pl,AVAILABILITY,origin.list,origin.list,2022-03-24 05:47:59.472674,f5bab6cca2c7edaec9e02d15
ktoto.info,AVAILABILITY,origin.list,origin.list,2022-03-24 05:47:59.778954,f5bab6cca2c7edaec9e02d15
kuchnia-domowa.pl,AVAILABILITY,origin.list,origin.list,2022-03-24 05:48:00.267035,f5bab6cca2c7edaec9e02d15
kswarta.pl,AVAILABILITY,origin.list,origin.list,2022-03-24 05:48:00.465075,f5bab6cca2c7edaec9e02d15
kurier-bb.pl,AVAILABILITY,origin.list,origin.list,2022-03-24 05:48:02.227752,f5bab6cca2c7edaec9e02d15
kurierwilenski.lt,AVAILABILITY,origin.list,origin.list,2022-03-24 05:48:08.810225,f5bab6cca2c7edaec9e02d15
kolbuszowalokalnie.pl,AVAILABILITY,origin.list,origin.list,2022-03-24 05:48:13.902481,f5bab6cca2c7edaec9e02d15
kurierzamojski.pl,AVAILABILITY,origin.list,origin.list,2022-03-24 05:48:13.954641,f5bab6cca2c7edaec9e02d15
kujawy.info,AVAILABILITY,origin.list,origin.list,2022-03-24 05:48:14.567487,f5bab6cca2c7edaec9e02d15
kulisy.net,AVAILABILITY,origin.list,origin.list,2022-03-24 05:48:20.196108,f5bab6cca2c7edaec9e02d15
kupbilet.pl,AVAILABILITY,origin.list,origin.list,2022-03-24 05:48:21.526214,f5bab6cca2c7edaec9e02d15
kuriergmin.pl,AVAILABILITY,origin.list,origin.list,2022-03-24 05:48:25.358402,f5bab6cca2c7edaec9e02d15
kurier-nakielski.pl,AVAILABILITY,origin.list,origin.list,2022-03-24 05:48:25.464987,f5bab6cca2c7edaec9e02d15
kolniak24.eu,AVAILABILITY,origin.list,origin.list,2022-03-24 05:48:25.502798,f5bab6cca2c7edaec9e02d15
kurekmazurski.pl,AVAILABILITY,origin.list,origin.list,2022-03-24 05:48:28.287755,f5bab6cca2c7edaec9e02d15
kuriergarwolinski.pl,AVAILABILITY,origin.list,origin.list,2022-03-24 05:48:28.685064,f5bab6cca2c7edaec9e02d15
kurierlubelski.pl,AVAILABILITY,origin.list,origin.list,2022-03-24 05:48:32.375607,f5bab6cca2c7edaec9e02d15
kurier-kolski.pl,AVAILABILITY,origin.list,origin.list,2022-03-24 05:48:33.275228,f5bab6cca2c7edaec9e02d15
kurnik.pl,AVAILABILITY,origin.list,origin.list,2022-03-24 05:48:34.315453,f5bab6cca2c7edaec9e02d15
kurierpodlaski.pl,AVAILABILITY,origin.list,origin.list,2022-03-24 05:48:34.846546,f5bab6cca2c7edaec9e02d15
kuszotv.pl,AVAILABILITY,origin.list,origin.list,2022-03-24 05:48:35.052225,f5bab6cca2c7edaec9e02d15
kutno.net.pl,AVAILABILITY,origin.list,origin.list,2022-03-24 05:48:36.299856,f5bab6cca2c7edaec9e02d15
kto-dzwonil.com,AVAILABILITY,origin.list,origin.list,2022-03-24 05:48:38.860328,f5bab6cca2c7edaec9e02d15
kwejk.pl,AVAILABILITY,origin.list,origin.list,2022-03-24 05:48:39.569323,f5bab6cca2c7edaec9e02d15
label-magazine.com,AVAILABILITY,origin.list,origin.list,2022-03-24 05:48:41.004978,f5bab6cca2c7edaec9e02d15
kz1.pl,AVAILABILITY,origin.list,origin.list,2022-03-24 05:48:41.569851,f5bab6cca2c7edaec9e02d15
laczynaspasja.pl,AVAILABILITY,origin.list,origin.list,2022-03-24 05:48:43.601597,f5bab6cca2c7edaec9e02d15
laboratoria.xtech.pl,AVAILABILITY,origin.list,origin.list,2022-03-24 05:48:45.057572,f5bab6cca2c7edaec9e02d15
lajfy.com,AVAILABILITY,origin.list,origin.list,2022-03-24 05:48:46.784497,f5bab6cca2c7edaec9e02d15
laskonline.pl,AVAILABILITY,origin.list,origin.list,2022-03-24 05:48:48.214498,f5bab6cca2c7edaec9e02d15
lca.pl,AVAILABILITY,origin.list,origin.list,2022-03-24 05:48:50.842846,f5bab6cca2c7edaec9e02d15
legalnybukmacher.com,AVAILABILITY,origin.list,origin.list,2022-03-24 05:48:50.869211,f5bab6cca2c7edaec9e02d15
lebork24.info,AVAILABILITY,origin.list,origin.list,2022-03-24 05:48:56.790768,f5bab6cca2c7edaec9e02d15
lechpoznan.pl,AVAILABILITY,origin.list,origin.list,2022-03-24 05:48:56.916712,f5bab6cca2c7edaec9e02d15
leczna24.pl,AVAILABILITY,origin.list,origin.list,2022-03-24 05:48:57.981181,f5bab6cca2c7edaec9e02d15
legalni-bukmacherzy-online.pl,AVAILABILITY,origin.list,origin.list,2022-03-24 05:48:59.654492,f5bab6cca2c7edaec9e02d15
leftlane.pl,AVAILABILITY,origin.list,origin.list,2022-03-24 05:49:00.483945,f5bab6cca2c7edaec9e02d15
legalniewsieci.pl,AVAILABILITY,origin.list,origin.list,2022-03-24 05:49:01.768105,f5bab6cca2c7edaec9e02d15
legalnybukmacher.net.pl,AVAILABILITY,origin.list,origin.list,2022-03-24 05:49:02.045158,f5bab6cca2c7edaec9e02d15
legionisci.com,AVAILABILITY,origin.list,origin.list,2022-03-24 05:49:02.922981,f5bab6cca2c7edaec9e02d15
leki.fora.pl,AVAILABILITY,origin.list,origin.list,2022-03-24 05:49:04.721159,f5bab6cca2c7edaec9e02d15
legio24.pl,AVAILABILITY,origin.list,origin.list,2022-03-24 05:49:04.877393,f5bab6cca2c7edaec9e02d15
lento.pl,AVAILABILITY,origin.list,origin.list,2022-03-24 05:49:05.817831,f5bab6cca2c7edaec9e02d15
